id,kpa_id,objective_id,ref,level,kpi_name,definition,unit,baseline,y1_2026_27,y2_2027_28,y3_2028_29,y4_2029_30,y5_2030_31,direction,calculation_method,means_of_verification,data_source,frequency,responsible_dept,source_page
kpa1-001,kpa1,so1,1.1,outcome,Customs & Excise contribution to Annual Net Tax Revenue Growth Rate,1.1 Increased Tax Revenue Collection,percent,9.5%,10.0%,11.0%,11.5%,12.0%,13.0%,grow,Percentage of current actual revenue collected minus previous revenue collected divide by previous revenue collected,Revenue Collection Books,Revenue Collection Books,Quarterly,CED,58
kpa1-002,kpa1,so1,1.1,outcome,Annual Net Tax Revenue Growth Rate,1.1 Increased Tax Revenue Collection,percent,13.3%,13.8%,14.3%,14.8%,15.1%,15.6%,grow,The percentage increase in net tax revenue collected compared to the previous fiscal year,Monthly Revenue Collection Report,Monthly Revenue Collection Report,Quarterly,FND,58
kpa1-003,kpa1,so1,1.1,outcome,Percentage of Tax Revenue Target Achievement made by Customs & Excise.,1.1 Increased Tax Revenue Collection,percent,105.2%,100%,100%,100%,100%,100%,reduce,Percentage of actual revenue collected against collection target,Revenue Collection Books,Revenue Collection Books,Quarterly,CED,58
kpa1-004,kpa1,so1,1.1,outcome,Percentage of CED Revenue collected from additional assessment in Post Clearance Audit for Customs & Excise,1.1 Increased Tax Revenue Collection,percent,20%,20%,18%,17%,16%,15%,reduce,Additional revenue divided by revenue declared times 100,Revenue Collection Books,Revenue Collection Books,Quarterly,CED,58
kpa1-005,kpa1,so1,1.1,outcome,Annual Tax Revenue Growth Rate for Domestic Revenue,1.1 Increased Tax Revenue Collection,percent,16%,11.1%,13.5%,12.6%,13.6%,14.2%,reduce,Percentage of current actual revenue collected minus previous revenue collected divide by previous revenue collected,Revenue Collection Books,Revenue Collection Books,Quarterly,DRD,58
kpa1-006,kpa1,so1,1.1,outcome,Percentage of Tax Revenue Target Achievement by 2030/31 for Domestic Revenue,1.1 Increased Tax Revenue Collection,percent,101.1%,100%,100%,100%,100%,100%,reduce,Percentage of actual revenue collected against collection target,Revenue Collection Books,Revenue Collection Books,Quarterly,DRD,58
kpa1-007,kpa1,so1,1.1,outcome,Large taxpayers' contribution to Annual Net Tax Revenue Growth Rate,1.1 Increased Tax Revenue Collection,percent,30%,35%,40%,45%,50%,55%,grow,Percentage of current actual revenue collected minus previous revenue collected divided by previous revenue collected,Revenue Collection Books,Revenue Collection Books,Quarterly,LTD,58
kpa1-008,kpa1,so1,1.1,outcome,Percentage of Tax LTD Revenue Target Achievement by 2030/31 for Department of Large Taxpayers,1.1 Increased Tax Revenue Collection,percent,106.8%,100%,100%,100%,100%,100%,reduce,Percentage of actual revenue collected against collection target.,Revenue Collection Books,Revenue Collection Books,Quarterly,LTD,58
kpa1-009,kpa1,so1,1.1,outcome,Annual Gross Tax Revenue Growth Rate,1.1 Increased Tax Revenue Collection,percent,17%,13.3%,13.8%,14.3%,14.8%,15.1%,reduce,"The percentage increase in gross tax revenue collected compared to the previous fiscal year, reflecting the year-on-year growth in actual funds available to the government for national development priorities.",Revenue Collection reports. System generated reports,Revenue Collection reports,Annually,FND,58
kpa1-010,kpa1,so1,1.1,outcome,Net Tax Revenue Target Achievement Rate,1.1 Increased Tax Revenue Collection,percent,102%,100%,100%,100%,100%,100%,reduce,The ratio of actual net tax revenue collected against the annual target,Revenue Collection Report,Revenue Collection Report,Quarterly,FND,59
kpa1-011,kpa1,so1,1.1,outcome,Cost of Revenue Collection Ratio,1.1 Increased Tax Revenue Collection,percent,2.47%,≤3%,≤3%,≤3%,≤3%,≤3%,grow,"The total operational cost incurred to collect tax revenue, expressed as a percentage of the total tax revenue collected","Annual Financial Statements, Monthly Revenue Collection Report",Annual Financial Statements,Quarterly,FND,59
kpa1-012,kpa1,so1,1.1.1,output,Percentage of identified tax non-compliance cases resolved,1.1.1 Enhanced Tax Audit and Enforcement Programs,percent,100%,100%,100%,100%,100%,100%,maintain,(Number of tax non-compliance cases fully investigated and formally closed during the reporting period ÷ Total number of tax non-compliance cases identified during the same period) × 100,Case Closure Reports signed by supervisors/Investigation Reports and Assessment Notices issued (additional tax assessed),Case Closure Reports,Annually,TID,59
kpa1-013,kpa1,so1,1.1.1,output,Percentage of planned tax audits completed annually by Domestic Revenue Department,1.1.1 Enhanced Tax Audit and Enforcement Programs,percent,91%,100%,100%,100%,100%,100%,grow,Percentage of completed audit cases as per Annual Business Plan,Consolidated department audit report,Consolidated department audit report,Annually,DRD,59
kpa1-014,kpa1,so1,1.1.1,output,Percentage of revenue collected from additional assessment raised in audit and examination of tax returns by 2030/31,1.1.1 Enhanced Tax Audit and Enforcement Programs,percent,21%,21%,20%,18%,16%,15%,reduce,Percentage Actual amount realized from additional assessment against total revenue collected,IDRAS Report,IDRAS Report,Quarterly,DRD,59
kpa1-015,kpa1,so1,1.1.1,output,Percentage of planned tax audits completed annually by Large Taxpayers,1.1.1 Enhanced Tax Audit and Enforcement Programs,percent,91%,100%,100%,100%,100%,100%,grow,Percentage of completed audit cases as per Annual Business Plan,Consolidated department audit report,Consolidated department audit report,Annually,LTD,59
kpa1-016,kpa1,so1,1.1.2,output,Number of compliance risk assessments conducted using Advanced Data Analytics by June 2031,1.1.2 Advanced Data Analytics for Compliance Risk Assessment,number,4,6,6,6,6,6,grow,Count of distinct compliance risk assessments conducted using data analytics during the reporting period,Compliance Risk Assessment Reports,Compliance Risk Assessment Reports,Quarterly,RCD,59
kpa1-017,kpa1,so1,1.1.3,output,Percentage of planned Post Clearance Audits completed annually.,1.1.3 Enhanced Post Clearance Audit and Physical Verification of Cargo,percent,90%,100%,100%,100%,100%,100%,grow,Percentage of completed audit cases as per Annual Plan,TANCIS system report,TANCIS system report,Annually,CED,59
kpa1-018,kpa1,so1,1.1.3,output,Percentage of selected cargo (red) for physical verification conducted,1.1.3 Enhanced Post Clearance Audit and Physical Verification of Cargo,percent,100%,100%,100%,100%,100%,100%,maintain,Total number of cargos verified against selected,TANCIS system report,TANCIS system report,Quarterly,CED,59
kpa1-019,kpa1,so1,1.1.4,output,Percentage of revenue collected from previous tax arrears (older than twelve month),1.1.4 Optimized Current and Previous Arrears Management,percent,22%,22.5%,30%,30.5%,40%,44%,grow,Total revenue collected from previous tax arrears divide by previous arrears x 100,TANCIS system report,TANCIS system report,Quarterly,CED,59
kpa1-020,kpa1,so1,1.1.4,output,Ratio of total tax arrears (recovered) over total revenue collected for the year,1.1.4 Optimized Current and Previous Arrears Management,percent,19.9%,<21%,<21%,<21%,<21%,<21%,grow,Total tax arrears (recovered) over total revenue collected for the year x 100,TANCIS system report,TANCIS system report,Quarterly,CED,59
kpa1-021,kpa1,so1,1.1.5,output,Percentage of normal flow taxes collected against total revenue collected by 2030/31,1.1.5 Enhanced Management of Normal Flow Taxes,percent,79%,82%,85%,88%,92%,95%,grow,Revenue collected without intervention is divided by total revenue collected times 100,Revenue System,Revenue System,Quarterly,DRD,59
kpa1-022,kpa1,so1,1.1.6,output,Percentage of revenue collected from current tax arrears (within twelve month) by 2030/31,1.1.6 Enhanced Management of Current and Previous Arrears (Domestic Revenues),percent,31%,35%,40%,45%,50%,55%,grow,Percentage amount of revenue collected from current arrears against total current arrears,IDRAS Report,IDRAS Report,Quarterly,DRD,59
kpa1-023,kpa1,so1,1.1.6,output,Percentage of revenue collected from previous collectable tax arrears (older than twelve month) by 2030/31,1.1.6 Enhanced Management of Current and Previous Arrears (Domestic Revenues),percent,8%,12%,15%,18%,22%,25%,grow,Percentage amount of revenue collected from previous collectable arrears against total collectable previous arrears,IDRAS Report,IDRAS Report,Quarterly,DRD,60
kpa1-024,kpa1,so1,1.1.6,output,Ratio of total tax arrears over total revenue collected for the year,1.1.6 Enhanced Management of Current and Previous Arrears (Domestic Revenues),percent,31%,<29%,<27%,<25%,23%,<21%,reduce,Stock of arrears at the end of last year divided by total revenue collection for the year times 100,IDRAS Report,IDRAS Report,Quarterly,DRD,60
kpa1-025,kpa1,so1,1.1.7,output,Forecast Variance reduced,1.1.7 Revenue Forecasting and Macro-Fiscal modelling system strengthened,percent,± 5.2%,± 4.5%,± 4%,± 4%,± 3%,± 3%,reduce,"The year-over-year percentage decrease in identified revenue leakage attributed to inconsistent or arbitrary tax adjustments and non-systemic determination processes, reflecting increased use of system-based, rules-driven assessment mechanisms.",TRFM model,TRFM model,Annually,RPD,60
kpa1-026,kpa1,so1,1.1.8,output,Percentage of Memorandums of Understanding vetted within the prescribed timeframe.,1.1.8 Strengthened legal compliance and risk management in tax administration,percent,100%,100%,100%,100%,100%,100%,maintain,Number of submitted MOUs over Vetted MOUs,Correspondence Register,Correspondence Register,Annually,LSD,60
kpa1-027,kpa1,so1,1.1.8,output,Percentage of legal opinions issued annually,1.1.8 Strengthened legal compliance and risk management in tax administration,percent,100%,100%,100%,100%,100%,100%,maintain,Number of Legal Opinions Provided over Number of Legal Opinion requests issued,Correspondence Register,Correspondence Register,Annually,LSD,60
kpa1-028,kpa1,so1,1.1.9,output,Percentage of cases successfully defended,1.1.9 Improved effectiveness in tax dispute resolution & litigation management,percent,82%,84%,86%,88%,90%,92%,grow,Number of Cases won and withdrawn over Total Number of Cases with exception of partly decided cases and settled cases,Case Management System Report,Case Management System Report,Annually,LSD,60
kpa1-029,kpa1,so1,1.1.9,output,Value of government revenue protected through litigation,1.1.9 Improved effectiveness in tax dispute resolution & litigation management,number,"752,886.79 Mlls","924,067.67 Mlls","924,067.67 Mlls","924,067.67 Mlls","924,067.67 Mlls","924,067.67 Mlls",grow,Total value of won cases and withdrawn cases,Case Management System Report,Case Management System Report,Annually,LSD,60
kpa1-030,kpa1,so1,1.1.10,output,Number of tax laws/regulations reviewed or drafted,1.1.10 Strengthened legislative and regulatory framework for tax administration,number,9,9,9,9,9,9,maintain,Total Number of Laws or regulation reviewed or Drafted,Finance Act,Finance Act,Annually,LSD,60
kpa1-031,kpa1,so1,1.1.10,output,Number of legal inputs submitted to Government policy processes,1.1.10 Strengthened legislative and regulatory framework for tax administration,number,3,3,3,3,3,3,maintain,Number of Contracts reviewed over Number of Contracts submitted for review,Correspondence Register,Correspondence Register,Annually,LSD,60
kpa1-032,kpa1,so1,1.1.11,output,Percentage of TRA contracts legally reviewed before signing,1.1.11 Improved contract management and legal documentation,percent,100%,100%,100%,100%,100%,100%,maintain,Number of Contracts reviewed over Number of Contracts submitted for review,Correspondence Register,Correspondence Register,Annually,LSD,60
kpa1-033,kpa1,so1,1.1.12,output,Number of surveillance audits conducted to VAT exemption beneficiaries,1.1.12 Improved Integrity of the VAT Exemption System,number,31,36,36,36,36,36,grow,Total Number of Surveillance conducted over Number of identified Risky Projects,"Risk Profiling Report, Surveillance Audit Report","Risk Profiling Report, Surveillance Audit Report",Annually,RCD,61
kpa1-034,kpa1,so1,1.1.13,output,Number of Board Meetings Conducted,"1.1.13 Enhanced corporate governance and strategic oversight through timely Board deliberations, approvals, & monitoring of organizational performance",number,5,5,5,5,5,5,maintain,Number of deliberations implemented over Number of deliberations Issued.,"Board Minutes, Board Matters Arising",Board Minutes,Quarterly,RCD,61
kpa1-035,kpa1,so1,1.1.13,output,Percentage of deliberations made by the Board and implemented,"1.1.13 Enhanced corporate governance and strategic oversight through timely Board deliberations, approvals, & monitoring of organizational performance",percent,90%,100%,100%,100%,100%,100%,grow,Number of deliberations implemented over Number of deliberations Issued,"Board Minutes, Board Matters Arising",Board Minutes,Quarterly,RCD,61
kpa1-036,kpa1,so1,1.1.14,output,Average time (days) taken from Arrival of Goods to Removal (exit),1.1.14 Reduced clearance time of goods,days,8 days,8 days,7 days,6 days,5 days,4 days,reduce,(Sum of time of exit minus sum of time of arrival) over total consignments,TANCIS clearance Module and Time release report,TANCIS clearance Module,Quarterly,CED,61
kpa1-037,kpa1,so1,1.1.14,output,Average time (days) taken from Lodgement to Issuance of Assessment,1.1.14 Reduced clearance time of goods,days,4 days,4 days,3.5 days,3 days,2.5 days,2 days,reduce,(Sum of time of document assessment minus sum of time of lodgement) over total documents,TANCIS report for documents with clearance plan,TANCIS report for documents with clearance plan,Quarterly,PMD,61
kpa1-038,kpa1,so1,1.1.14,output,Percentage of goods whose assessment is made within 24 hours,1.1.14 Reduced clearance time of goods,percent,70%,75%,80%,85%,90%,90%,grow,Total number of assessed documents within 24 hours divide by the number of documents lodged in a certain day times a 100,TANCIS clearance module and Time release report,TANCIS clearance module,Quarterly,CED,61
kpa1-039,kpa1,so1,1.2,outcome,Reduction in Overall Tax Gap to GDP ratio,1.2 Reduced Tax Gap,number,1.89,1.89,1.00,,,,,Tax Gap over GDP,Tax gap studies,Tax gap studies,After every two years,RPD,61
kpa1-040,kpa1,so1,1.2,outcome,Percentage Reduction in Revenue Leakage from Discretionary Adjustments for Tax Investigation,1.2 Reduced Tax Gap,percent,1.9%,2%,2%,2%,2%,2%,grow,Change in revenue loss resulting from discretionary measures divide by total revenue times 100,"Discretionary Measures reports, Revenue collection Reports",Discretionary Measures reports,Annually,TID,61
kpa1-041,kpa1,so1,1.2,outcome,Annual Reduction in Estimated Compliance Gap,1.2 Reduced Tax Gap,percent,14.3%,13%,10%,8%,6%,5%,reduce,{Current year Compliance Gap minus previous year compliance Gap} divide by the previous year compliance Gap) times 100,Compliance reports,Compliance reports,Annually,RCD,62
kpa1-042,kpa1,so1,1.2.1,output,Enforcement action success rate,1.2.1 Compliance Gap Reduced,percent,60%,60%,70%,80%,90%,100%,grow,"(Number of enforcement actions resulting in confirmed tax liability, revenue recovery, or legally sustained outcomes ÷ Total number of enforcement actions completed during the reporting period) × 100",Revenue recovery/payment records linked to enforcement actions/Appeals and objection decisions (upheld vs overturned cases)/ Case closure reports and quarterly enforcement reports,Revenue recovery/payment records linked to enforcement actions,Quarterly,TID,62
kpa1-043,kpa1,so1,1.2.2,output,Number of New Data Sharing Agreements Established,1.2.2 Strengthened Compliance Audit and Enforcement Framework,number,47,20,15,10,10,10,reduce,The count of formal Memoranda of Understanding (MOUs) or data sharing agreements signed with other government agencies or key private sector entities for accessing data relevant to tax administration and compliance,TRA Intra-portal report,TRA Intra-portal report,Annually,RPD,62
kpa1-044,kpa1,so1,1.2.3,output,Increase in Undeclared Income/Assets Identified via Data Matching,1.2.3 Enhanced Third-Party Data Integration for Compliance,percent,60%,60%,70%,80%,90%,100%,grow,(Baseline value Actual value of undeclared income/assets identified ÷ Baseline Value) × 100,Data matching reports from IDRAS / TANCIS / third-party data integrations and Investigation reports with additional assessments form undeclared income/assets,Data matching reports from IDRAS,Annually,TID,62
kpa1-045,kpa1,so1,1.2.3,output,Frequency of Joint Compliance Initiatives with Partner Agencies,1.2.3 Enhanced Third-Party Data Integration for Compliance,number,36,36,36,36,36,36,maintain,Total Number of Joint Compliance Initiatives Conducted in the Period,"Approved joint operation plans with partner agencies, /Joint operation reports (field reports, compliance sweep reports)/ Case registers showing multi-agency involvement",Approved joint operation plans with partner agencies,Quarterly,TID & RPD,62
kpa1-046,kpa1,so1,1.2.4,output,Number of Evidence-Based Policy/Legislative Recommendations Submitted,1.2.4 Proactive Tax Policy and Legislative Review for Gap Closure,number,10,10,10,10,10,10,maintain,"The count of formal, documented recommendations for tax policy or legislative changes submitted to the Minister for consideration, directly informed by tax gap analysis and research.","Tax gap analysis reports, Legislative changes submitted to the Minister",Tax gap analysis reports,Annually,RPD & DRD,63
kpa1-047,kpa1,so1,1.2.4,output,Percentage of Submitted Recommendations Adopted/Implemented,1.2.4 Proactive Tax Policy and Legislative Review for Gap Closure,percent,80%,80%,80%,80%,80%,80%,maintain,The proportion of proposed tax policy or legislative recommendations submitted by TRA that are formally adopted or implemented by the relevant legislative or executive authorities within a given period.,Policies adopted,Policies adopted,Annually,RPD,63
kpa1-048,kpa1,so1,1.2.4,output,Estimated Revenue Impact from Adopted Reforms (0.8 to 1 % of GDP),1.2.4 Proactive Tax Policy and Legislative Review for Gap Closure,percent,0.8%,1%,1%,1%,1%,1%,grow,The projected annual increase in tax revenue attributable to the implementation of new or amended tax policies/legislation that originated from TRA's recommendations for tax gap closure.,Revenue collection report Approved tax reforms Finance Act,Revenue collection report,Annually,RPD,63
kpa1-049,kpa1,so1,1.2.4,output,Rate of Increase in registered taxpayers,1.2.4 Proactive Tax Policy and Legislative Review for Gap Closure,percent,14%,19%,23%,28%,33%,38%,grow,Percentage of registered taxpayer in current year minus previous year divide by previous year registered taxpayers times 100,IDRAS Report,IDRAS Report,Quarterly,RPD,63
kpa1-050,kpa1,so1,1.3,outcome,On time Filing Rate by Domestic Revenue,"1.3 Improved Registration, Filing and Payment Rate",percent,34%,40%,50%,60%,70%,80%,grow,Percentage of taxpayers filed returns on or before due date against eligible taxpayers to file return,IDRAS Report,IDRAS Report,Quarterly,DRD & LTD,63
kpa1-051,kpa1,so1,1.3,outcome,On time Filing Rate by Large Tax Payers,"1.3 Improved Registration, Filing and Payment Rate",percent,95%,96%,97%,98%,99%,100%,grow,Percentage of taxpayers filed returns on or before due date against eligible taxpayers to file return,IDRAS Report,IDRAS Report,Quarterly,DRD & LTD,63
kpa1-052,kpa1,so1,1.3,outcome,On time Payment rate,"1.3 Improved Registration, Filing and Payment Rate",percent,89%,92%,94%,96%,98%,100%,grow,Percentage of taxpayers paid taxes on or before due date against taxpayers paid taxes,IDRAS Report,IDRAS Report,Quarterly,LTD & DRD,63
kpa1-053,kpa1,so1,1.3,outcome,Average time to complete a new taxpayer registration,"1.3 Improved Registration, Filing and Payment Rate",days,1 day,1 day,1 day,1 day,1 day,1 day,maintain,Number of day (S) taken to issue TIN from date of receipt application,IDRAS Report,IDRAS Report,Quarterly,DRD,63
kpa1-054,kpa1,so1,1.3.1,output,Number of days to respond written taxpayer inquiries,1.3.1 Simplified Online Taxpayer Registration System Implemented,days,5 Days,5 days,5 days,5 days,5 days,5 days,maintain,Number of days attended inquiries from the date of receipts,IDRAS report,IDRAS report,Quarterly,DRD & LTD,63
kpa1-055,kpa1,so1,1.3.2,output,Percentage of reduced number of objection cases received against total number of assessments issued by 2030/31 for Domestic Revenue,1.3.2 Enhanced Taxpayer Service and Support Mechanisms,percent,4%,4%,3.5%,3%,2.5%,2%,reduce,Number of objections recorded divided by total number of assessment times 100,IDRAS Report,IDRAS Report,Quarterly,DRD & LTD,63
kpa1-056,kpa1,so1,1.3.3,output,Percentage number of objection cases received against total number of assessments issued by 2030/31 for Large Tax Payers,1.3.3 Reduction of tax objections,percent,4%,4%,3.5%,3%,2.5%,2%,reduce,Number of objections recorded divided by total number of assessment times 100,IDRAS Report,IDRAS Report,Quarterly,DRD & LTD,64
kpa1-057,kpa1,so1,1.3.3,output,Number of TRA stakeholders provided with demand-driven trainings,1.3.3 Reduction of tax objections,number,45,90,110,120,140,150,grow,Total number of TRA stakeholders trained on demand-driven trainings during the reporting period,Training Reports,Training Reports,Annually,ITA,64
kpa1-058,kpa1,so1,1.3.4,output,Percentage of students enrolment for ITA's long-term programs,1.3.4 Expanded Scope and Quality of ITA Training Programmes to the General Public.,percent,4%,4%,5%,5%,6%,6%,grow,Current period enrolment minus previous period enrolment divided by previous period enrolment times 100,Student Management System Reports,Student Management System Reports,Annually,ITA,64
kpa1-059,kpa1,so1,1.3.4,output,Increase in number of candidates enrolled in tax and customs certification programs,1.3.4 Expanded Scope and Quality of ITA Training Programmes to the General Public.,number,0,20,30,50,70,100,grow,Physical count of enrolled candidates in Certification Programs,Candidates register for each certificate program,Candidates register for each certificate program,Annually,ITA,64
kpa1-060,kpa1,so1,1.3.4,output,Number of tracer studies conducted,1.3.4 Expanded Scope and Quality of ITA Training Programmes to the General Public.,number,1,1,1,1,1,1,maintain,Total number of tracer studies completed and documented during the reporting period,Tracer studies Reports,Tracer studies Reports,Annually,ITA,64
kpa1-061,kpa1,so1,1.3.5,output,Number of curricula reviewed/developed and approved,1.3.5 The quality of delivery and assessment improved,number,4,2,4,4,4,4,maintain,Total number of curricula that have been successfully reviewed/newly developed and formally approved during the reporting period.,Curriculum development reports 2. Approval letters from relevant authorities (TCU/NACTVET) 3. Minutes of TRA Management/Board Meetings,Curriculum development reports,Annually,ITA,64
kpa1-062,kpa1,so1,1.3.5,output,Number of staffs trained on training delivery and assessment,1.3.5 The quality of delivery and assessment improved,number,35,40,40,40,40,40,grow,Total number of staff who completed training on training delivery and assessment during the reporting period,Training attendance registers 2. Training reports 3. Certificates of completion issued to staff,Training attendance registers,Annually,ITA,64
kpa1-063,kpa1,so1,1.3.5,output,Number of teaching case studies developed,1.3.5 The quality of delivery and assessment improved,number,2,4,10,14,20,30,grow,Total number of teaching case studies completed and approved for use in training or academic programs during the reporting period.,Case study approval reports,Case study approval reports,Annually,ITA,64
kpa1-064,kpa1,so1,1.4,outcome,Percentage of Newly Registered Taxpayers from Informal Sector,1.4 Expand Tax Base from the Informal Sector,percent,0%,100%,100%,100%,100%,100%,grow,Newly Registered Taxpayers from Informal Sector divide by total number of new taxpayers registered x 100,IDRAS report,IDRAS report,Quarterly,DRD & TECD,65
kpa1-065,kpa1,so1,1.4,outcome,Percentage of taxpayers from informal sector graduated from minimum taxable income who are assessed and paid taxes,1.4 Expand Tax Base from the Informal Sector,percent,0%,100%,100%,100%,100%,100%,grow,Taxpayers from informal sector graduated from minimum taxable income who are assessed and paid taxes over total number of taxpayers from informal sector x 100,IDRAS report,IDRAS report,Quarterly,DRD & TECD,65
kpa1-066,kpa1,so1,1.4,outcome,Number of Informal Sector Awareness Campaigns Conducted Annually,1.4 Expand Tax Base from the Informal Sector,number,70,70,70,70,70,70,maintain,"Total count of distinct awareness campaigns (e.g., radio, print, community events) specifically targeting the informal sector","Script, Attendance, Invitation",Script,Annually,TECD,65
kpa1-067,kpa1,so1,1.4.1,output,Participation Rate in Informal Sector Taxpayer Workshops,1.4.1 Targeted Capacity Building and Awareness for Informal Sector Taxpayers,percent,80%,90%,90%,90%,90%,90%,grow,The percentage of invited or eligible informal sector entities that attend capacity-building workshops.,List of invited participants,List of invited participants,Annually,TECD,65
kpa1-068,kpa1,so1,1.4.1,output,Percentage of TECD Taxpayer Communications Customized by Segment,1.4.1 Targeted Capacity Building and Awareness for Informal Sector Taxpayers,percent,70%,85%,90%,95%,100%,100%,grow,Number of taxpayers educated during the year over number of taxpayers targeted from the given segments times 100%,"Customised reminders, education materials",Customised reminders,Annually,TECD,65
kpa2-001,kpa2,so2_0,2.1,outcome,End-to-End Process Automation Rate,2.1 Improved End-to-End Automation,percent,30%,40%,55%,70%,80%,85%,grow,Number of processes fully automated divide by Total number of TRA processes mapped times 100.,TRA Process Library / Inventory / BPR Reports.,TRA Process Library,Annually,ICTD,65
kpa2-002,kpa2,so2_0,2.1,outcome,Percentage of Processes Mapped for Automation,2.1 Improved End-to-End Automation,percent,50%,60%,70%,80%,90%,100%,grow,Number of process mapped for automation divide by Total number of processes automated x 100,"Enterprise automation platform dashboards/ reports, Digital Transformation progress reports.",Enterprise automation platform dashboards,Annually,ICTD,65
kpa2-003,kpa2,so2_0,2.1.1,output,Percentage of Core Processes Automated,2.1.1 Enterprise Automation Platform Implemented and Integrated,percent,50%,60%,70%,80%,90%,100%,grow,(Number of processes fully automated and operational on the enterprise automation platform ÷ Total number of core revenue and customs processes identified for automation in the approved automation blueprint) × 100.,"Enterprise automation platform dashboards/ reports, Digital Transformation progress reports.",Enterprise automation platform dashboards,Annually,ICTD,65
kpa2-004,kpa2,so2_0,2.1.1,output,Percentage of support Processes Automated,2.1.1 Enterprise Automation Platform Implemented and Integrated,percent,50%,60%,70%,80%,90%,100%,grow,(Number of processes fully automated and operational on the enterprise automation platform ÷ total number of support process identified for automation in the approved automation blueprint) × 100.,"Enterprise automation platform dashboards/ reports, Digital Transformation progress reports.",Enterprise automation platform dashboards,Annually,ICTD,66
kpa2-005,kpa2,so2_0,2.1.1,output,Number of Core Systems Integrated with Automation platform,2.1.1 Enterprise Automation Platform Implemented and Integrated,number,2,3,5,7,9,10,grow,"Count of core systems from the approved integration roadmap that have been successfully integrated with the enterprise automation platform, tested, and are operational in the production environment.","Enterprise automation platform integration reports/dashboards, approved integration architecture or roadmap, API/middleware configuration records, Digital Transformation progress reports.",Enterprise automation platform integration reports,Annually,ICTD,66
kpa2-006,kpa2,so2_0,2.1.2,output,Number of New Automated Self-Service Features Available,2.1.2 Digital Self-Service Channels Enhanced for Automated Interactions,number,5,10,15,20,25,30,grow,"Count of new automated self-service features introduced in TRA digital channels (e.g., taxpayer portals, trader portals, mobile apps, or APIs) during the reporting period that have been developed, tested, deployed, and are operational in the production environment","System release notes and deployment reports, ICT change management records, user acceptance testing and go-live reports, digital platform documentation, updated portal/mobile application feature lists, and ICT/Digital Transformation progress reports.",System release notes and deployment reports,Annually,ICTD,66
kpa2-007,kpa2,so2_0,2.1.3,output,Number of courses/modules conducted through e-learning platforms,"2.1.3 ICT in teaching, learning and research enhanced",number,5,5,10,15,20,30,grow,Number of e-learning courses delivered,"E-learning platform records (e.g., Moodle)",E-learning platform records,Quarterly,ITA,66
kpa2-008,kpa2,so2_0,2.1.3,output,Number of staffs trained on e-learning training delivery,"2.1.3 ICT in teaching, learning and research enhanced",number,10,20,30,35,40,60,grow,Number of participants enrolled in e-learning courses,"E-learning training calendar, Learning Management System (LMS) and training reports",E-learning training calendar,Quarterly,ITA,66
kpa2-009,kpa2,so2_0,2.1.3,output,End-to-End automation Academic and Support Processes Automation Rate,"2.1.3 ICT in teaching, learning and research enhanced",percent,50%,60%,70%,80%,90%,100%,grow,Number of processes executed entirely through digital systems divided by total number of processes times 100 (Automation Rate),System-based approvals and transactions reports,System-based approvals and transactions reports,Annually,ITA,67
kpa2-010,kpa2,so2_0,2.1.3,output,Upgraded network Bandwidth h/access to support Learning Management System (LMS),"2.1.3 ICT in teaching, learning and research enhanced",MBps,20 MBps,30,40,60,80,90,grow,Bandwidth scores recorded in the platform,"1. Network performance monitoring reports (speed, uptime, latency), 2. Bandwidth utilization reports",Network performance monitoring reports,Quarterly,ITA,67
kpa2-011,kpa2,so2_0,2.2,outcome,Percentage of Integrated Digital Payment Channels for Tax Compliance,2.2 Enhanced Enterprise Data Integration and Tax Eligibility Intelligence,percent,30%,40%,50%,60%,70%,90%,grow,(Number of priority digital payment platforms whose transaction data trails are integrated into TRA's enterprise data platform and analytics systems for tax compliance monitoring ÷ Total number of identified priority digital payment platforms) × 100.,"Enterprise data platform/data warehouse integration reports, API or data exchange configuration records, data sharing agreements with payment service providers, system integration and deployment reports, analytics dashboards, and ICT/Data Integration progress reports.",Enterprise data platform/data warehouse integration reports,Quarterly,ICTD,67
kpa2-012,kpa2,so2_0,2.2,outcome,Number of Internal and External systems Integrated,2.2 Enhanced Enterprise Data Integration and Tax Eligibility Intelligence,number,90,100,150,200,250,300,grow,"Count of distinct internal TRA systems and priority external data sources whose data streams have been successfully TRA integrated into the enterprise data platform, standardized, transformed into analytics-ready data models, and made available for analytics and compliance intelligence use.","TRA Enterprise data platform integration logs, data integration architecture documentation, ETL/data pipeline configuration records, enterprise data catalogue or metadata repository, data sharing agreements with external institutions, and ICT/Data Integration progress reports.",TRA Enterprise data platform integration logs,Quarterly,ICTD,67
kpa2-013,kpa2,so2_0,2.2,outcome,Growth in Analytics-Driven Tax Eligibility,2.2 Enhanced Enterprise Data Integration and Tax Eligibility Intelligence,percent,0%,15%,25%,35%,45%,55%,grow,(Number of new tax eligibility cases or discrepancies identified through data analytics in the current year − Number identified in the previous year) ÷ Number identified in the previous year) × 100.,"TRA Enterprise analytics platform reports, compliance risk management system records, data matching and intelligence reports, case management system logs, annual compliance and risk management reports, and ICT/Data Analytics program performance reports.",TRA Enterprise analytics platform reports,Quarterly,ICTD,67
kpa2-014,kpa2,so2_0,2.2,outcome,Enterprise Data Integration Maturity,2.2 Enhanced Enterprise Data Integration and Tax Eligibility Intelligence,number,2,2.5,3,3.5,4,4.5,grow,"Average maturity score derived from an annual assessment of key enterprise data integration dimensions (e.g., data integration, data quality, accessibility, governance, metadata/ontologies, and analytics readiness) using an approved maturity framework rated on a scale of 1–5.","Enterprise data integration maturity assessment reports, enterprise data architecture documentation, data governance policies, enterprise data catalogue/metadata repository records, data quality monitoring reports, analytics platform documentation, and internal or independent assessment reports.",Enterprise data integration maturity assessment reports,Quarterly,ICTD,68
kpa2-015,kpa2,so2_0,2.2.1,output,Average data freshness latency for critical,2.2.1 Unified Enterprise Data Platform Established,hours,72 Hours,48,24,12,6,<4,reduce,"Average time (in hours) between the timestamp when data is created or updated in critical source systems and the timestamp when the data becomes available for analysis in the enterprise data platform, calculated across all monitored critical datasets during the reporting period.","Enterprise data platform monitoring dashboards, ETL/data pipeline logs, data integration monitoring tools, enterprise data catalogue/metadata records, system integration documentation, and ICT/Data Engineering performance reports.",Enterprise data platform monitoring dashboards,Quarterly,ICTD,68
kpa2-016,kpa2,so2_0,2.2.2,output,Number of unique AI/Machine Learning (ML) models deployed for tax eligibility,2.2.2 AI-driven Tax Eligibility Intelligence Models Deployed,number,2,3,4,5,8,10,grow,"Count of distinct AI or machine learning models designed for tax eligibility identification that have been developed, validated, deployed in the production environment, and are actively generating analytical outputs or alerts for compliance monitoring.","AI/ML model registry or inventory, analytics platform deployment logs, model validation and testing reports, enterprise analytics dashboards, model technical documentation, compliance/case management system reports, and ICT/Data Analytics implementation progress reports.",AI/ML model registry or inventory,Quarterly,ICTD,68
kpa2-017,kpa2,so2_0,2.2.2,output,Accuracy rate of AI/ML tax eligibility,2.2.2 AI-driven Tax Eligibility Intelligence Models Deployed,number,60,65,70,78,85,90,grow,"(Number of AI/ML-generated tax eligibility or compliance risk cases confirmed as valid through human review, compliance checks, or audit outcomes ÷ Total number of AI/ML-generated cases reviewed during the reporting period) × 100.","AI/ML analytics platform reports, model performance evaluation reports, compliance risk management system records, audit or investigation reports, case management system logs, and data analytics/model monitoring reports.",AI/ML analytics platform reports,Quarterly,ICTD,68
kpa2-018,kpa2,so2_0,2.2.3,output,Percentage of critical data elements with defined ownership and quality rules,2.2.3 Enterprise Data Governance Framework Operationalized,percent,10%,25%,45%,65%,85%,100%,grow,(Number of critical data elements in the enterprise data platform with formally assigned data owners and defined data quality rules ÷ Total number of identified critical data elements) × 100.,"Enterprise data catalogue/metadata repository, data governance framework documentation, data stewardship registers, data quality rules and monitoring reports, enterprise data governance committee records, and ICT/Data Governance implementation reports.",Enterprise data catalogue/metadata repository,Quarterly,ICTD,69
kpa2-019,kpa2,so2_0,2.2.3,output,Average data quality score for critical datasets,2.2.3 Enterprise Data Governance Framework Operationalized,percent,60%,65%,75%,82%,90%,95%,grow,"Average of composite data quality scores for all critical datasets in the enterprise data platform, where each dataset's score is calculated based on predefined data quality dimensions (e.g., completeness, accuracy, consistency, timeliness, and validity) measured against established quality rules.","Enterprise data quality monitoring dashboards, data quality assessment reports, enterprise data catalogue/metadata repository, data quality rule configuration records, data profiling/validation tool outputs, and ICT/Data Governance performance reports.",Enterprise data quality monitoring dashboards,Quarterly,ICTD,69
kpa2-020,kpa2,so2_0,2.2.3,output,Percentage of data governance policy breaches/incidents reported and resolved,2.2.3 Enterprise Data Governance Framework Operationalized,percent,5%,10%,20%,30%,50%,60%,grow,(i) Count of data governance policy breaches or incidents formally reported during the reporting period; and (ii) Percentage of reported incidents resolved within the defined timeframe = (Number of incidents resolved within the defined timeframe ÷ Total number of reported incidents) × 100.,"Data governance incident management system logs, information security incident reports, enterprise data governance committee records, internal audit/compliance reports, ICT security monitoring logs, and incident resolution documentation.",Data governance incident management system logs,Quarterly,ICTD,69
kpa2-021,kpa2,so2_0,2.3,outcome,Value of AI-Detected Fraud and Non-Compliance Confirmed through Investigation and Digital Forensic Examination,2.3 Advanced Risk and Predictive Prevention Capability,TZS billion,10 Billion TZS,10,25,45,70,100,grow,"Sum of monetary values (TZS) of fraud, tax evasion, and non-compliance cases initially identified by AI/ML systems and subsequently verified through audits, investigations, digital forensic examination or compliance review within the fiscal year.",Data governance policy breaches or incidents formally reported during the reporting period,Data governance policy breaches or incidents,Quarterly,TID,69
kpa2-022,kpa2,so2_0,2.3,outcome,Percentage Reduction in number of cyber threats.,2.3 Advanced Risk and Predictive Prevention Capability,percent,7%,20%,30%,40%,50%,60%,grow,Percentage reduction in cyber fraud incidents detected by internal monitoring systems compared to the previous reporting period,"Cybersecurity monitoring system reports, ICT fraud detection system logs, IT security incident registers, SOC incident reports, and internal audit/risk management reports",Cybersecurity monitoring system reports,Quarterly,ICTD,69
kpa2-023,kpa2,so2_0,2.3,outcome,Coverage of Tamper-Proof Digital Controls,2.3 Advanced Risk and Predictive Prevention Capability,percent,10%,15%,20%,40%,65%,85%,grow,"((Estimated value of undetected irregularities before predictive analytics implementation – Estimated value after implementation) ÷ Estimated value before implementation) × 100. (Number of high-risk revenue streams, tax categories, or taxpayer segments with deployed and operational tamper-proof digital controls ÷ Total number of identified high-risk areas) × 100.","ICT/digital controls deployment logs, system integration reports, operational monitoring dashboards, audit/compliance verification reports, blockchain/smart contract ledger records, and ICT/Digital Transformation implementation reports.",ICT/digital controls deployment logs,Quarterly,ICTD,69
kpa2-024,kpa2,so2_0,2.3,outcome,Predictive Risk Detection Accuracy Rate,2.3 Advanced Risk and Predictive Prevention Capability,percent,25%,30%,35%,40%,50%,60%,grow,Number of predictive alerts that result in confirmed non-compliance divided by Total number of predictives identified times 100,Data Source: 1. 1. Predictive Models Performance Report 2. Compliance Investigation / Audit / Examination Outcome Reports Frequency: Quarterly Assumptions: 1. Risk models are continuously updated and validated. 2. Adequate investigations are conducted on generated predictive alerts.,Predictive Models Performance Report,Quarterly,RCD,69
kpa2-025,kpa2,so2_0,2.3.1,output,Percentage of System uptime,2.3.1 Integrated Advanced Analytics and AI Platform Deployed,percent,99.9%,99.99%,99.99%,99.99%,99.99%,99.99%,grow,"(Total available platform time ÷ Total scheduled platform time) × 100, where downtime excludes planned maintenance","System monitoring logs, service level agreement reports, incident/outage reports, ICT operations reports, audit reports on platform operations, and maintenance/downtime logs",System monitoring logs,Quarterly,ICTD,70
kpa2-026,kpa2,so2_0,2.3.1,output,Percentage of business functions supported by AI,2.3.1 Integrated Advanced Analytics and AI Platform Deployed,percent,0%,2%,5%,9%,13%,18%,grow,business functions supported by AI divide by total number of business functions x 100,reports on platform operations,reports on platform operations,Quarterly,ICTD,70
kpa2-027,kpa2,so2_0,2.3.2,output,Number of AI/ML predictive risk models deployed in production by 2030/2031,2.3.2 AI/ML-Powered Predictive Risk and Fraud Models Developed and Deployed,number,2,2,2,2,2,2,maintain,Count of distinct AI/ML predictive risk models deployed and operational in the production environment.,Predictive Models Deployment Report,Predictive Models Deployment Report,Annually,RCD,70
kpa2-028,kpa2,so2_0,2.3.3,output,Number of data integrity breaches or unauthorized data modifications reported,2.3.3 Robust Digital Control Framework for Compliance and Data Integrity Established,number,15,15,12,8,4,2,reduce,Count of all confirmed incidents of unauthorized data modifications or data integrity breaches in critical systems during the reporting year.,"Incident management/IT security reports, system and application audit logs, internal audit and compliance reports, SOC reports, investigation documentation, and annual ICT security/risk reports.",Incident management/IT security reports,Quarterly,RCD,70
kpa2-029,kpa2,so2_0,2.3.4,output,Reduction in number of reported system fraud cases investigated,2.3.4 Strengthened Cyber Fraud Detection and Investigation Systems,number,0,21,16,13,10,7,grow,Reduction in number of reported and investigated system fraud incidents compared to the previous reporting period. Formula: (Previous Period Cases – Current Period Cases),Fraud Risk Management Reports and Investigation reports,Fraud Risk Management Reports,Quarterly,INAD,70
kpa2-030,kpa2,so2_0,2.4,outcome,Percentage of Revenue Collected from Non-resident Digitally Detected Economic Activity,"2.4 Improved Digital Economy Visibility, Legal Harmonisation and Intelligent Engagement",number,20,60%,75%,80%,95%,100%,grow,"Sum of all taxes, penalties, and interest collected in a fiscal year from cases identified via digital surveillance, analytics, and intelligence-driven compliance initiatives against the set target.","TRA revenue collection records, digital detection/analytics platform logs, audit/compliance reports, case management files, ICT/digital transformation oversight reports, and management dashboards.",TRA revenue collection records,Quarterly,DRD,71
kpa2-031,kpa2,so2_0,2.4.1,output,Number of new digital tax revenue streams identified and assessed,2.4.1 Digital Economy Transaction Monitoring System Implementation,number,1,2,5,9,12,15,grow,Count of distinct digital economic activities previously untaxed or under-taxed that are newly identified and formally assessed for taxation during the reporting period.,"Digital transaction monitoring system logs, TRA tax assessment records, case/project files, revenue reporting/accounting records, audit/compliance verification, and ICT/digital transformation oversight documentation",Digital transaction monitoring system logs,Quarterly,DRD,71
kpa2-032,kpa2,so2_0,2.4.2,output,Number of digital tax policy recommendations adopted into law/regulation,2.4.2 Harmonized Digital Tax Policy and Regulatory Framework Development,number,2,2,5,8,10,12,grow,Count of distinct digital tax policy recommendations formally adopted into national tax legislation or regulations during the reporting period.,"Legislative records/government gazettes, official circulars/statutory instruments, TRA policy submission files, parliamentary or ministry approval documents, audit/oversight reports, and ICT/legal policy tracking documentation.",Legislative records/government gazettes,Annually,RPD,71
kpa2-033,kpa2,so2_0,2.4.3,output,Increase in voluntary compliance rate among digital economy taxpayers,2.4.3 AI-Enhanced Digital Taxpayer Engagement and Compliance Platform,percent,55%,60%,66%,72%,77%,80%,grow,Total number of compliance taxpayer in digital economy divide by Total number of compliance taxpayer x 100,"Compliance reports, IDRAS reports",Compliance reports,Quarterly,DRD,71
kpa2-034,kpa2,so2_0,2.4.3,output,Taxpayer satisfaction score with digital engagement services,2.4.3 AI-Enhanced Digital Taxpayer Engagement and Compliance Platform,percent,60%,68%,74%,79%,83%,85%,grow,Score generated from the survey reports through distributed respondents tools to taxpayers,"Customers engagement reports, taxpayer's perception survey reports",Customers engagement reports,Annually,TECD,71
kpa2-035,kpa2,so2_0,2.4.3,output,Reduction in manual taxpayer queries related to digital tax matters,2.4.3 AI-Enhanced Digital Taxpayer Engagement and Compliance Platform,percent,5%,15%,30%,45%,55%,60%,grow,manual taxpayer queries related to digital tax matters divide by manual taxpayer queries x 100,"Customers engagement reports, taxpayer's perception survey reports",Customers engagement reports,Annually,TECD,72
kpa2-036,kpa2,so2_0,2.5,outcome,Percentage of TRA Digital Governance and Process Control,2.5 Strengthened TRA Digital Governance and Process Control Framework,percent,10 %,40%,50%,70%,90%,100%,grow,(Number of digitally monitored& automated processes Over total number of enterprise processes) X 100,TRA Digital Governance and Process Control Framework,TRA Digital Governance and Process Control Framework,Quarterly,ICTD,72
kpa2-037,kpa2,so2_0,2.5.1,output,Ratio of Employee Awareness of Digital Governance,2.5.1 Digital Governance Policy and Procedures Manual Developed and Approved,percent,15%,25%,45%,65%,85%,100%,grow,(Number of employee who are aware of digital governance over total employees) times 100,Digital Governance Policy & Procedures Manual approved,Digital Governance Policy & Procedures Manual,Quarterly,ICTD,72
kpa2-038,kpa2,so2_0,2.5.2,output,Percentage Coverage of Automated Data Integrity,2.5.2 Automated Data Integrity and System Monitoring Tools Deployed,percent,10%,25%,45%,65%,85%,100%,grow,(Number of automated integrity checks passed/active divide by Total number of defined data integrity rules) times 100,Coverage of Integrity Monitoring Automated Data Report,Coverage of Integrity Monitoring Automated Data Report,Quarterly,ICTD,72
kpa2-039,kpa2,so2_0,2.5.3,output,Percentage of Digital Risk Register Establishment and Update,2.5.3 Digital Risk Management and Compliance Reporting System Implemented,percent,8%,35%,55%,70%,85%,100%,grow,Number of digital risk register created divide by total number of required risk registers) X 100,Updated Automated risk registers; Updated Operational and Institutional Risk Registers,Updated Automated risk registers,Quarterly,RCD,72
kpa2-040,kpa2,so2_0,2.5.3,output,Ratio of Compliance Reporting Automation,2.5.3 Digital Risk Management and Compliance Reporting System Implemented,percent,10%,25%,45%,65%,85%,100%,grow,(Automated compliance reports divided by Total compliance Reports) X 100,Automated reports; Total compliance reports,Automated reports,Quarterly,ICTD,72
kpa3-001,kpa3,so3_0,3.1,outcome,Stakeholder Trust and Perception Index,"3.1 Improved stakeholder relationships, communication and Service Governance",number,75 (0-100),80,85,91,95,98,grow,"A composite score reflecting the overall level of trust, positive perception, and satisfaction among all monitored key stakeholder segments, derived from continuous multi-source data including surveys, digital analytics, public commentary, and media analytics, indicating movement in institutional credibility and reduction in negative sentiment.",Survey reports Digital media analysis reports,Survey reports,Annually,TECD,72
kpa3-002,kpa3,so3_0,3.1.1,output,Percentage increase in positive stakeholder perception score,3.1.1 Enhanced Stakeholder Communication and Feedback Mechanisms Established,percent,90%,90%,90%,90%,90%,90%,maintain,"Measures the average increase in positive perception scores across key stakeholder surveys (e.g., regarding trust, transparency, responsiveness, and institutional credibility) compared to the baseline established in the first year of the plan.",Survey reports,Survey reports,Annually,TECD,72
kpa3-003,kpa3,so3_0,3.1.1,output,"Number of active, dedicated communication channels for stakeholders",3.1.1 Enhanced Stakeholder Communication and Feedback Mechanisms Established,number,7,8,9,10,11,12,grow,"Counts the distinct, actively managed communication channels (e.g., dedicated web portal, social media presence, regular newsletters, public forums) specifically utilized for stakeholder interaction and information sharing.",Communication channels dedicated for stakeholder interaction,Communication channels dedicated for stakeholder interaction,Annually,TECD,73
kpa3-004,kpa3,so3_0,3.1.2,output,Percentage of planned TRA courses implemented,"3.1.2 Develop, review and implement Proficiency/demand-driven programmes for TRA staff",percent,100%,100%,100%,100%,100%,100%,maintain,Number of courses delivered divided by total number of courses planned times 100,1. Approved Learning and development calendar 2. Training attendance registers 3. Timetable 4. Training Manuals,Approved Learning and development calendar,Annually,ITA,73
kpa3-005,kpa3,so3_0,3.1.2,output,Percentage of staff attending learning and development programs as planned,"3.1.2 Develop, review and implement Proficiency/demand-driven programmes for TRA staff",percent,78%,90%,91%,92%,93%,94%,grow,Compute: 1. Number of staffs enrolled for ITA courses divided by planned number times 100 Actual hours of individual attendance compared to targeted hour times 100,1.Invitation letters 2.Course Registration Register 3. Attendance sheets 4. E-learning records,Invitation letters,Annually,ITA,73
kpa3-006,kpa3,so3_0,3.1.2,output,Number of proficiency trainings reviewed/developed for TRA employees,"3.1.2 Develop, review and implement Proficiency/demand-driven programmes for TRA staff",number,10,12,14,18,20,24,grow,Number of proficiency trainings reviewed/developed,"1. Minutes of curriculum review or technical committee meetings 2. Approved training curricula or course/module documents 3. training manuals, course outlines, or modules",Minutes of curriculum review or technical committee meetings,Annually,ITA,73
kpa3-007,kpa3,so3_0,3.1.2,output,Percentage of ITA training programs incorporating practical learning components,"3.1.2 Develop, review and implement Proficiency/demand-driven programmes for TRA staff",percent,60%,75%,78%,82%,86%,90%,grow,Number of programs with practical number over total number of trainings programs times 100,"Course curriculum showing practical components 2. Assessment tools (case studies, practical assignments, simulations) 3. Training manuals and teaching materials with practical cases",Course curriculum showing practical components,Annually,ITA,73
kpa3-008,kpa3,so3_0,3.1.2,output,Percentage of trainees reporting that training programs are practical and relevant to their job functions,"3.1.2 Develop, review and implement Proficiency/demand-driven programmes for TRA staff",percent,70%,88%,90%,92%,94%,96%,grow,Average student score on the practical and relevance of ITA programs divide by total number of students attended training programs times 100,1.Student evaluation reports 2. Fieldwork reports,Student evaluation reports,Annually,ITA,73
kpa3-009,kpa3,so3_0,3.1.3,output,Number of collaborations and Partnerships with reputable/relevant institutions,3.1.3 Established strategic partnerships and linkages with industry and academia within and outside the country,number,1,2,2,2,2,2,grow,1.Signed Memoranda of Understanding (MoUs)/ agreements Number of agreements signed against targeted number times 100,"2. Joint activity reports (training, research, conferences) 3. Terms of Reference 4. Joint outputs (e.g., publications, training programs, events) 5. contracts",Signed Memoranda of Understanding (MoUs)/ agreements,Annually,ITA,73
kpa3-010,kpa3,so3_0,3.1.3,output,Number of staff and students on exchange programs,3.1.3 Established strategic partnerships and linkages with industry and academia within and outside the country,number,10,20,30,40,60,80,grow,Number of staff and students on exchange programs,"1.Staff exchange policy 2. Students exchange policy 3. Terms of Reference 4. Nomination and acceptance letters from partner institutions 5. Travel records (e.g., tickets, visas, travel authorizations) 6. Exchange program records and databases 7. Participation or completion certificates 8. Reports from exchange participants",Staff exchange policy,Annually,ITA,74
kpa3-011,kpa3,so3_0,3.1.3,output,Number of joint research projects conducted with partnering institutions,3.1.3 Established strategic partnerships and linkages with industry and academia within and outside the country,number,1,2,2,2,2,2,grow,Number of joint researches completed,"1. Joint research project proposals and approval documents 2. Research project reports (inception, progress, final) 3. Evidence of joint research activities (meetings, workshops)",Joint research project proposals and approval documents,Annually,ITA,74
kpa3-012,kpa3,so3_0,3.1.4,output,Number of Extra-Curriculum activities Conducted,3.1.4 Improved student services and extra curriculum activities,number,2,12,16,20,24,28,grow,Number of extra-curriculum activities conducted,"1. Student affairs or administration records 2. Photos, videos, or media coverage of activities 3. Activity reports and event summaries 4. Certificates",Student affairs or administration records,Annually,ITA,74
kpa3-013,kpa3,so3_0,3.1.4,output,Percentage of students with mentors,3.1.4 Improved student services and extra curriculum activities,percent,70%,88%,90%,92%,94%,96%,grow,Number of ITA students on mentorship programs (excluding short courses) over total number of active students' times 100,1.Mentorship manual and guidelines 2. Lists of assigned mentors and mentees 3. Mentorship session logs or reports,Mentorship manual and guidelines,Annually,ITA,74
kpa3-014,kpa3,so3_0,3.1.4,output,Percentage of students satisfied with outsourced services,3.1.4 Improved student services and extra curriculum activities,percent,78%,84%,86%,88%,90%,96%,grow,Average score of students and other stakeholders certified with outsourced services,Student and staff survey reports,Student and staff survey reports,Annually,ITA,74
kpa3-015,kpa3,so3_0,3.1.4,output,WIFI coverage and accessibility,3.1.4 Improved student services and extra curriculum activities,percent,50%,80%,85%,90%,95%,99.9%,grow,Number of active users connected against total number of potential users' times 100,"1. Network coverage maps and site survey reports 2. Wi-Fi performance monitoring reports (signal strength, uptime, usage), 3. User access logs (number of connected users), 4. User satisfaction surveys on Wi-Fi access",Network coverage maps and site survey reports,Annually,ITA,75
kpa3-016,kpa3,so3_0,3.2,outcome,Stakeholder Trust & Investor Confidence Index,3.2 Strengthened Institutional Trust,percent,62%,64%,67%,71%,75%,78%,grow,"Number of respondents rating trust and confidence as high, very high, satisfied, or agree over total number of respondents in the survey ×100",Stakeholders' perception survey reports or Institutional integrity perception surveys,Stakeholders' perception survey reports,Annually,TECD,75
kpa3-017,kpa3,so3_0,3.2.1,output,Percentage of planned ethics performance reports published timely,3.2.1 Enhanced Public Reporting on TRA Ethics Performance,percent,75%,100%,100%,100%,100%,100%,grow,The proportion of ethics performance reports that are published against planned ethics report,Published ethics and integrity reports; TRA annual integrity reports,Published ethics and integrity reports,Annually,INAD,75
kpa3-018,kpa3,so3_0,3.2.1,output,Increase in public access to TRA information,3.2.1 Enhanced Public Reporting on TRA Ethics Performance,percent,50%,60%,70%,80%,90%,95%,grow,Change in number of access to TRA Information divide by previous number of access to TRA information*100,Number of views and downloads from the TRA website,Number of views and downloads from the TRA website,Quarterly,RPD,75
kpa3-019,kpa3,so3_0,3.3,outcome,Percentage of Compliance with National and International Governance Standards,3.3 Improved Alignment to National and International Tax Governance Standards,percent,83%,85%,87%,89%,95%,98%,grow,(Number of governance standards and regulatory requirements complied with divided by Total number of applicable governance standards and regulatory requirements assessed) times 100,"Regulatory Compliance Monitoring Reports; Internal Audit Reports; External Assessment Reports (e.g., OECD, ATAF, regional bodies); Compliance Checklists",Regulatory Compliance Monitoring Reports,Annually,RCD,75
kpa3-020,kpa3,so3_0,3.3.1,output,Percentage of applicable regulatory requirements monitored and complied with through the compliance monitoring framework percentage by 2030/2031,3.3.1 Comprehensive Regulatory Compliance Monitoring Framework Implemented,percent,83%,85%,87%,89%,95%,98%,grow,Number of regulatory requirements complied with divided by Total number of applicable regulatory requirements assessed times 100,Quarterly Regulatory Compliance Monitoring Report Frequency,Quarterly Regulatory Compliance Monitoring Report,Annually,RCD,75
kpa3-021,kpa3,so3_0,3.4,outcome,"Percentage of corporate strategy, policies, and departmental performance integrating ESG principles and KPIs","3.4 Institutionalization of ESG principles within TRA's governance, operations, and performance systems",percent,0%,50%,60%,70%,75%,80%,grow,"Number of corporate strategy, policies, and departmental performance integrated ESG principles and KPIs divided by Total number of required corporate strategy, policies, and departmental performance integrating ESG principles and KPIs times 100",Quarterly ESG Performance Report; Sustainability Monitoring Reports,Quarterly ESG Performance Report,Annually,RCD,75
kpa3-022,kpa3,so3_0,3.4.1,output,Percentage of ESG governance structures established and functioning as per framework,3.4.1 ESG governance and institutional framework established and operationalized,percent,0%,30%,50%,60%,70%,75%,grow,Number of ESG governance structures established and functioning as per framework divided by Total number of required ESG governance structures times 100,Quarterly ESG Performance Report; Sustainability Monitoring Reports .,Quarterly ESG Performance Report,Quarterly,RCD,76
kpa3-023,kpa3,so3_0,3.4.2,output,Percentage of Key business processes integrated ESG requirements,3.4.2 ESG Integrated into Business Processes,percent,0%,40%,50%,60%,70%,75%,grow,Number of key processes with ESG requirements integrated divided by Total number of key processes times 100,Business process with ESG requirements,Business process with ESG requirements,Quarterly,RCD,76
kpa3-024,kpa3,so3_0,3.4.3,output,Percentage of ESG targets achieved,3.4.3 ESG performance monitored and reported,percent,0%,50%,60%,70%,75%,80%,grow,Number of ESG targets achieved divided by ESG targets times 100,Quarterly ESG Performance Report; Sustainability Monitoring Reports,Quarterly ESG Performance Report,Quarterly,RCD,76
kpa4-001,kpa4,so4_1,4.1.1,outcome,Percentage of staff with clear role and mandate understanding,4.1.1 Improved Role Clarity and Mandate Alignment,percent,78%,80%,84%,88%,91%,96%,grow,Number of staffs who demonstrate clear understanding/Staff assessed x 100,Role clarity survey reports,Role clarity survey reports,Annually,HRMAD,76
kpa4-002,kpa4,so4_1,4.1.1,output,Percentage of key roles with formally approved and communicated standardized descriptions,4.1.1.1 Standardized Role Descriptions & Deliverable Mapping,percent,78%,80%,84%,88%,91%,96%,grow,key roles with formally approved and communicated standardized descriptions divide by number of roles x 100,Career pathway and New Structure Evaluation Reports,Career pathway and New Structure Evaluation Reports,Annually,HRMAD,76
kpa4-003,kpa4,so4_1,4.1.1,output,Review of organisation structure to be fully aligned with TRA functional requirement,4.1.1.2 Reviewed TRA's Organizational structure,number,1,-,-,-,-,1,maintain,Number of Organisation structure review conducted during the plan,New organisational structure evaluation and compliance report,New organisational structure evaluation and compliance report,Annually,HRMAD,76
kpa4-004,kpa4,so4_1,4.1.1,output,Percentage of approved positions mapped and aligned to the Scheme of Services (SOS),4.1.1.2 Reviewed TRA's Organizational structure,percent,70%,80%,85%,90%,95%,100%,grow,Positions aligned with the SOS/Total approved positions in the Org Structure x 100,HR Establishment/ Job listing records,HR Establishment/ Job listing records,Annually,HRMAD,76
kpa4-005,kpa4,so4_1,4.1.1,output,Percentage of managerial positions filled within six months after appointment,4.1.1.2 Reviewed TRA's Organizational structure,percent,78%,80%,85%,90%,95%,98%,grow,Managerial positions filled within 6months/Total approved positions x 100,Approved Organizational structure and Staff establishment/job listing register,Approved Organizational structure and Staff establishment/job listing register,Semiannually,HRMAD,76
kpa4-006,kpa4,so4_1,4.1.2,outcome,Employee Engagement Index Score,4.1.2 Strengthened Employee Engagement & Organisational Commitment,percent,80%,82%,84%,86%,88%,90%,grow,Total score obtained/Maximum possible score x 100,Annual employee engagement survey reports,Annual employee engagement survey reports,Annually,HRMAD,76
kpa4-007,kpa4,so4_1,4.1.2,output,Participation Rate in Feedback Sessions,4.1.2.1 Enhanced Employee Communication and Feedback Mechanisms,percent,70%,72%,75%,78%,80%,85%,grow,Number of employee engaged in feedback session or platforms / by total feedbacks received x 100,"Visitors counter register, registers of participants in feedback session/platforms",Visitors counter register,Quarterly,HRMAD,76
kpa4-008,kpa4,so4_1,4.1.2,output,Percentage of planned employee engagement initiatives implemented annually,4.1.2.2 Improved employee's engagement initiatives,percent,85%,88%,90%,92%,95%,97%,grow,Actual implemented initiatives/Planned Annual initiatives x 100,Annual Engagement Plan and Engagement implementation reports,Annual Engagement Plan,Annually,HRMAD,76
kpa4-009,kpa4,so4_1,4.1.2,output,Percentage of employee participation in engagement activities,4.1.2.2 Improved employee's engagement initiatives,percent,90%,92%,94%,96%,98%,99%,grow,Average No. of participating staff/Targeted No. of staff x 100,Staff participation reports,Staff participation reports,Annually,HRMAD,77
kpa4-010,kpa4,so4_1,4.1.2,output,Percentage of Employees Participating in Formal Feedback Sessions,4.1.2.2 Improved employee's engagement initiatives,percent,70%,73%,75%,77%,78%,82%,grow,Number of employees who p articipated in the sessions/ Target number x 100,Staff Participation,Staff Participation,Annually,HRMAD,77
kpa4-011,kpa4,so4_1,4.1.2,output,Percentage increase in staff salaries,4.1.2.3 Employee salary and benefits improved,percent,25%,15%,15%,,,,,Salary increase after adjustment /Salary before adjustment x 100,Salary structure records,Salary structure records,Annually,HRMAD,77
kpa4-012,kpa4,so4_1,4.1.2,output,Number of new monetary incentive packages introduced,4.1.2.3 Employee salary and benefits improved,number,25,2,2,1,,,,Count of new incentives,Approved incentive guideline and implementation reports,Approved incentive guideline,Annually,HRMAD,77
kpa4-013,kpa4,so4_1,4.1.2,output,Percentage of welfare and wellness initiatives implemented as per plan,4.1.2.4 Improved welfare programs and workplace wellness initiatives.,percent,70%,82%,85%,90%,95%,95%,grow,Number of implemented/number established x 100,Welfare/wellness programs implementation reports,Welfare/wellness programs implementation reports,Annually,HRMAD,77
kpa4-014,kpa4,so4_1,4.1.2,output,Percentage of staff involved in each welfare programs as per plan,4.1.2.4 Improved welfare programs and workplace wellness initiatives.,percent,58%,60%,65%,70%,75%,80%,grow,Number of attendees/total number of staff x 100,welfare programs attendance,welfare programs attendance,Annually,HRMAD,77
kpa4-015,kpa4,so4_1,4.1.2,output,Health incidents rate Complaints,4.1.2.4 Improved welfare programs and workplace wellness initiatives.,percent,10%,7%,7%,6%,5%,5%,reduce,Previous year complaints minus current year complaints divided by previous year complaints x 100,Medical records reports,Medical records reports,Annually,HRMAD,77
kpa4-016,kpa4,so4_1,4.1.3,outcome,Capacity Index score,4.1.3 Improved Organisational Capacity and Knowledge Management,percent,69%,71%,73%,75%,77%,82%,grow,Weighted Output Capacity Index method (The sum of each capacity indicator's weight multiplied by its achievement level (percentage),1.Skills audit and gaps report 2.TNA report 3. Performance appraisal reports,Skills audit and gaps report,Annually,HRMAD,77
kpa4-017,kpa4,so4_1,4.1.3,output,The KM System Active User Rate,4.1.3.1 Integrated Knowledge Management System and Culture,percent,38%,50%,55%,60%,65%,70%,grow,Number of active users during the period/Registered users x 100,KM Reports,KM Reports,Annually,HRMAD,77
kpa4-018,kpa4,so4_1,4.1.3,output,Percentage of staff with a yellow page (staff expertise directory) profile within KMS,4.1.3.1 Integrated Knowledge Management System and Culture,percent,0%,45%,50%,70%,80%,85%,grow,Number of staff with complete d profiles in KMS/Total number of staff x 100,KM reports,KM reports,Annually,HRMAD,77
kpa4-019,kpa4,so4_1,4.1.3,output,"Percentage of technical documents, guidelines, case studies, or best practices uploaded to the KMS",4.1.3.1 Integrated Knowledge Management System and Culture,percent,40%,50%,60%,80%,90%,95%,grow,All approved documents uploaded to KMS during the specified period,KMS log reports,KMS log reports,Quarterly,HRMAD,77
kpa4-020,kpa4,so4_1,4.1.3,output,Percentage of learning and development initiatives implemented as planned,4.1.3.2 Implement targeted Learning and Development (L&D) to strengthen institutional capacity.,percent,100%,100%,100%,100%,100%,100%,maintain,Number of L&D initiatives implemented/Total number of L&D initiatives planned x 100,Training attendance registers or signed attendance sheets; training L&D reports,Training attendance registers,Annually,HRMAD,77
kpa4-021,kpa4,so4_1,4.1.3,output,Percentage of staff attending learning and development programs as planned,4.1.3.2 Implement targeted Learning and Development (L&D) to strengthen institutional capacity.,percent,90%,91%,92%,93%,94%,95%,grow,Number of employees attended training over total number of employees,Training attendance registers or signed attendance sheets; training reports,Training attendance registers,Annually,HRMAD,78
kpa4-022,kpa4,so4_1,4.1.3,output,Percentage of coaching cycle completion as per plan,4.1.3.2 Implement targeted Learning and Development (L&D) to strengthen institutional capacity.,percent,35%,40%,45%,50%,60%,70%,grow,Number of coaching pairs/Plan x 100,HR Coaching reports,HR Coaching reports,Annually,HRMAD,78
kpa4-023,kpa4,so4_1,4.1.3,output,Percentage of job roles mapped to the defined competency profiles,4.1.3.3 Enhanced employee capabilities,percent,50%,55%,60%,80%,100%,100%,grow,Number of job roles mapped to competencies over Total number of job roles in the job catalogueue x 100,Career Pathway and Job functional Competences report,Career Pathway,Annually,HRMAD,78
kpa4-024,kpa4,so4_1,4.1.3,output,Percentage completion of Competence Framework,4.1.3.3 Enhanced employee capabilities,percent,70%,80%,90%,95%,100%,100%,grow,Completion rate of the framework,Approved Competence framework,Approved Competence framework,Annually,HRMAD,78
kpa4-025,kpa4,so4_1,4.1.3,output,Percentage of employees trained in digital competencies as planned,4.1.3.4 Robust Digital Skills Development Strategy,percent,70%,75%,80%,85%,90%,95%,grow,Number of employees trained in digital skills/Target x 100,L&D Reports,L&D Reports,Quarterly,HRMAD,78
kpa4-026,kpa4,so4_1,4.1.3,output,Percentage of Digital Training Programs Successfully Implemented,4.1.3.4 Robust Digital Skills Development Strategy,percent,80%,85%,90%,92%,94%,95%,grow,Number of digital training programs conducted/ Target x 100,L&D Reports,L&D Reports,Quarterly,HRMAD,78
kpa4-027,kpa4,so4_1,4.1.3,output,Increase in Digital Skills Proficiency Rate for critical roles with required digital skills,4.1.3.4 Robust Digital Skills Development Strategy,percent,70%,75%,80%,80%,85%,90%,grow,Number of employees meeting required digital competency levels/Total employees assessed x 100,L&D Reports,L&D Reports,Annually,HRMAD,78
kpa4-028,kpa4,so4_1,4.1.4,outcome,Percentage of Staff with KPA-Aligned Performance Contracts,4.1.4 Improved Performance Management,percent,89%,92%,94%,96%,97%,98%,grow,Staff with KPA/Eligible staff annually x 100,PM Reports,PM Reports,Annually,HRMAD,78
kpa4-029,kpa4,so4_1,4.1.4,outcome,Percentage of Performance Improvement Plans,4.1.4 Improved Performance Management,percent,20%,30%,40%,50%,55%,60%,grow,No of PIP implemented/ Number of Identified PIP x 100,PM and LnD reports,PM and LnD reports,Annually,HRMAD,78
kpa4-030,kpa4,so4_1,4.1.4,outcome,Alignment of Recognition & Reward with High Performance,4.1.4 Improved Performance Management,percent,82%,84%,87%,90%,93%,95%,grow,Number of staff receiving rewards/Annual Plan x 100,PM Reports,PM Reports,Quarterly,HRMAD,78
kpa4-031,kpa4,so4_1,4.1.4,output,Percentage of performance management framework components reviewed and updated,4.1.4.1 Revised Performance Management Framework Developed and Approved,percent,60%,70%,80%,95%,100%,100%,grow,Percentage of completion,1. Members Appointment memo 3. Draft Performance Management Framework document,Members Appointment memo,Quarterly,HRMAD,78
kpa4-032,kpa4,so4_1,4.1.4,output,Percentage of performance management processes migrated to the digital system,4.1.4.2 Performance Management System Digitization,percent,50%,60,70%,90%,100%,100%,grow,Percentage of PM processes migrated to the new system,PM Module implemented,PM Module,Annually,HRMAD,78
kpa4-033,kpa4,so4_1,4.1.5,outcome,Employee Satisfaction Index with Workplace Environment,"4.1.5 Improved Working Environment, Tools and Operational Support",percent,70%,72%,78%,82%,85%,88%,grow,Total score obtained/Maximum possible score x 100,Employee surveys reports,Employee surveys reports,Annually,HRMAD,79
kpa4-034,kpa4,so4_1,4.1.5,output,Average Critical System Uptime,4.1.5.1 Modernized Digital Productivity Platform,percent,99.9%,99.9%,99.9%,99.9%,99.9%,99.9%,maintain,[(Total Scheduled Service Time − Total Unplanned Downtime of Critical Systems) ÷ Total Scheduled Service Time] × 100.,"System monitoring and availability reports (e.g., Network Monitoring System, APM, SIEM, Infrastructure Monitoring Tools).",System monitoring and availability reports,Annually,ICTD,79
kpa4-035,kpa4,so4_1,4.1.5,output,Adoption Rate of New Digital Collaboration Tools,4.1.5.1 Modernized Digital Productivity Platform,percent,0%,40%,50%,60%,70%,80%,grow,Adoption Rate (%) = (Number of active users of the new digital collaboration tools ÷ Total target users expected to use the tools) × 100,• User activity and usage analytics reports from collaboration platforms. • System access and login reports. • ICT application usage dashboards. • User account provisioning records,User activity and usage analytics reports,Annually,ICTD,79
kpa4-036,kpa4,so4_1,4.1.5,output,Employee Satisfaction with Physical Work Environment,4.1.5.2 Upgraded Ergonomic and Functional Workspaces,percent,78%,80%,82%,84%,86%,88%,grow,Total employees satisfied with work environment over Total employees x 100,"Employees Perception Survey Reports, Employees Motivation index reports",Employees Perception Survey Reports,Annually,HRMD,79
kpa4-037,kpa4,so4_1,4.1.5,output,Percentage Integration of Change Management into Management Processes for projects/initiatives,4.1.5.3 Institutionalization of Change Management in the Authority,percent,65%,70%,80%,85%,90%,100%,grow,(Number of key initiatives adopting the Change Management Framework divided by Total number of key initiatives) x 100,Project Implementation Reports; Change Management Implementation Reports,Project Implementation Reports,Annually,RCD,79
kpa4-038,kpa4,so4_1,4.1.5,output,Percentage of stakeholders trained on change management,4.1.5.3 Institutionalization of Change Management in the Authority,percent,30%,50%,60%,70%,90%,100%,grow,(Number of stakeholders trained on change management divided by Total number of targeted stakeholders) x 100,Training Attendance Records; Training Reports,Training Attendance Records,Annually,RCD,79
kpa4-039,kpa4,so4_1,4.1.5,output,Change Adoption Rate (Percentage),4.1.5.3 Institutionalization of Change Management in the Authority,percent,0%,50%,60%,70%,90%,100%,grow,(Number of users actively using new systems/processes after implementation divided by Total number of targeted users) times 100,Data Source: System Usage Reports; System Access Logs Frequency: Quarterly Assumptions: 1. New systems or processes are fully implemented. 2. Users have received adequate training and support. 3.Systems for monitoring usage are available 4.Functional Change Management Structure established,System Usage Reports,Annually,RCD,79
kpa4-040,kpa4,so4_1,4.1.5,output,Percentage of renovated physical infrastructure and facilities,4.1.5.4 Renovate existing teaching physical infrastructure and facilities,percent,10%,15%,30%,40%,50%,60%,grow,Number of facilities against total number planned x 100,1.Infrastructure renovation plans and schedules 2.Photographic evidence (before and after renovation) 3.Procurement and payment records for renovation works 4. Inspection and handover reports,Infrastructure renovation plans and schedules,Annually,ITA,80
kpa4-041,kpa4,so4_1,4.1.5,output,Percentage rate of Completion of the Academic Building,4.1.5.5 Modern learning and lecture space for ITA constructed,percent,10%,10%,40%,50%,80%,100%,grow,Work Completed against total work planned x 100,"1. Annual Procurement Plan 2. Project implementation plan and construction schedule 3. Bill of Quantities (B.O.Q) and work completion records 4. Architectural drawings, mechanical and engineering estimates",Annual Procurement Plan,Annually,ITA,80
kpa4-042,kpa4,so4_1,4.1.5,output,Percentage rate of Completion of Misugusugu Master Plan,4.1.5.5 Modern learning and lecture space for ITA constructed,percent,0%,10%,30%,60%,90%,100%,grow,Weighted Progress of Each Component divided by total planned weight x 100,1. Progress and status reports for each component/project 2. Stakeholders report 3.Environmental Assessment Report 4. Photos and media,Progress and status reports for each component/project,Annually,ITA,80
kpa4-043,kpa4,so4_1,4.1.5,output,Percentage coverage of cameras surveillance system and lights,"4.1.5.6 Safety and security of students, staff and stakeholders enhanced",percent,20%,30%,60%,70%,80%,100%,grow,Number of Areas Covered by Cameras/Lighting against Total Number of Identified Areas x 100,1. Security infrastructure layout plans (CCTV and lighting maps) 2. Site inspection and security audit reports 3. Procurement contracts 4. Video monitoring system logs (for cameras),Security infrastructure layout plans,Annually,HRMAD,80
kpa4-044,kpa4,so4_1,4.1.5,output,Percentage of students using electronic attendance,"4.1.5.6 Safety and security of students, staff and stakeholders enhanced",percent,0%,40%,50%,60%,75%,90%,grow,Number of Students Using Electronic Attendance divided by total number of students' x 100,1. Electronic attendance system reports 2. Attendance analytics dashboards 3. Classroom attendance reports from the system 4. Student enrolment records (for total number of students),Electronic attendance system reports,Annually,HRMAD,81
kpa4-045,kpa4,so4_1,4.1.5,output,Number of staff and students sensitized on security matters,"4.1.5.6 Safety and security of students, staff and stakeholders enhanced",number,300,300,300,300,300,300,maintain,Number of staff and students attended sensitization sessions,"1. Students attendance register 2, photos and media 3. Training materials",Students attendance register,Annually,HRMAD,81
kpa4-046,kpa4,so4_1,4.1.5,output,Percentage of Planned working tools and equipment Procured,4.1.5.7 Enhanced Availability of Working Tools and Equipment,percent,80%,82%,85%,90%,95%,98%,grow,Number of working tools & equipment procured/Plan x 100,HR Administration reports,HR Administration reports,Annually,HRMAD,81
kpa4-047,kpa4,so4_1,4.1.5,output,Percentage Reduction in Workplace Safety Incidents,4.1.5.8 Improved Workplace Safety and Security,percent,0%,15%,25%,35%,45%,55%,grow,Previous Period Incidents – Current Period Incidents) ÷ Previous Period Incidents x 100,HR Security reports,HR Security reports,Annually,HRMAD,81
kpa4-048,kpa4,so4_1,4.1.5,output,Percentage of Premises Compliant with Security Standards per annum,4.1.5.8 Improved Workplace Safety and Security,percent,50%,70%,75%,80%,85%,90%,grow,Number of premises compliant/Target x 100,HR Security reports,HR Security reports,Annually,HRMAD,81
kpa4-049,kpa4,so4_1,4.1.5,output,Percentage completion of Office and Staff Houses constructed/rehabilitated as per plan.,4.1.5.9 Improved Workplace Office and staff housing building,percent,50%,70%,75%,80%,85%,90%,grow,Number of buildings completed (constructed/rehabilitated) / Total numbers of buildings planned x 100,HR Estate Management report,HR Estate Management report,Annually,HRMAD,81
kpa4-050,kpa4,so4_1,4.1.5,output,Percentage of Planned Logistics Items Procured,4.1.5.10 Improved Availability of Operational Logistics and Facilities,percent,85%,88%,90%,93%,95%,97%,grow,Number of logistics items procured/Plan X 100,HR Administration reports,HR Administration reports,Annually,HRMAD,81
kpa4-051,kpa4,so4_1,4.1.5,output,Percentage of planned working facilities and tools procured,4.1.5.10 Improved Availability of Operational Logistics and Facilities,percent,85%,88%,90%,93%,95%,98%,grow,Number of working facilities and tools procured/Plan X 100,HR Administration reports,HR Administration reports,Annually,HRMAD,81
kpa4-052,kpa4,so4_1,4.1.6,outcome,Percentage of Workforce Diversity Representation,"4.1.6 Strengthened Inclusion, Youth, Gender Equality and Disability Integration",percent,23%,23%,25%,27%,29%,30%,grow,Number of employees from target groups/Total workforce X100,HR Reports,HR Reports,Annually,HRMAD,81
kpa4-053,kpa4,so4_1,4.1.6,output,Percentage of critical physical facilities compliant with accessibility standards,4.1.6.1 Accessible Infrastructure,percent,35%,40%,45%,50%,60%,70%,grow,Number of critical facilities meeting accessibility standards/Total number of critical facilities assessed × 100,Reports,Reports,Annually,HRMAD,81
kpa4-054,kpa4,so4_1,4.1.6,output,Percentage of staff attending Diversity Equity and inclusion (DEI) awareness training,"4.1.6.2 Comprehensive Diversity, Equity and Inclusion (DEI) Awareness Programs and Governance Frameworks Implemented",percent,35%,40%,50%,55%,60%,70%,grow,Number of staff who attended DEI awareness sessions/Total workforce X100,HR DEI Reports,HR DEI Reports,Annually,HRMAD,81
kpa4-055,kpa4,so4_1,4.1.6,output,Percentage of Planned DEI Governance/guidelines Implemented,"4.1.6.2 Comprehensive Diversity, Equity and Inclusion (DEI) Awareness Programs and Governance Frameworks Implemented",percent,17%,20%,60%,85%,100%,100%,grow,Total implemented DEI divide Planned DEI governance guidelines times 100,Approved DEI guidelines signed off by relevant authority,Approved DEI guidelines signed off by relevant authority,Annually,HRMAD,81
kpa4-056,kpa4,so4_1,4.1.6,output,Balanced gender representation in leadership,4.1.6.3 Inclusive Recruitment and Selection policies improved,percent,18%,20%,29%,30%,31%,32%,grow,Number of women leaders /Total Leaders × 100,"Inclusion, Equity, Gender Equality and Disability reports","Inclusion, Equity, Gender Equality and Disability reports",Annually,HRMAD,81
kpa4-057,kpa4,so4_1,4.1.6,output,Improved representation of persons with disability,4.1.6.3 Inclusive Recruitment and Selection policies improved,number,0.6,0.8,1.2,1.8,2.5,3,grow,Number of employees with disabilities/Total number employees x100,"Inclusion, Equity, Gender Equality and Disability reports","Inclusion, Equity, Gender Equality and Disability reports",Annually,HRMAD,81
kpa4-058,kpa4,so4_2,4.2.1,outcome,Integrity and Ethical Culture Perception Score/Index,4.2.1 Strengthened Organisational Governance and Ethical Culture,percent,53%,56%,60%,64%,70%,75%,grow,Average Ethical Culture Score from Employee Survey,Employee Ethical Culture Perception Survey Report,Employee Ethical Culture Perception Survey Report,Quarterly,INAD,81
kpa4-059,kpa4,so4_2,4.2.1,output,Percentage of TRA employees attended ethics awareness annually as planned,4.2.1.1 Enhanced Ethics and Integrity Training & Awareness Program,percent,88%,90%,92%,94%,96%,98%,grow,Number of employees attended ethics training divide by total number of planned employees×100,Training attendance registers or signed attendance sheets Ethics Training reports,Training attendance registers,Quarterly,INAD,82
kpa4-060,kpa4,so4_2,4.2.1,output,Percentage of key TRA risks included in the annual risk-based internal audit plan,"4.2.1.2 Strengthened Governance, Risk Management, and Internal Control System.",percent,100%,100%,100%,100%,100%,100%,maintain,Number of key TRA risks covered in the audit plan divide by Total number of identified key risk x 100,Annual Audit Plan,Annual Audit Plan,Annually,IAD,82
kpa4-061,kpa4,so4_2,4.2.1,output,Completion Rate of Planned Internal Audits,"4.2.1.2 Strengthened Governance, Risk Management, and Internal Control System.",percent,100%,100%,100%,100%,100%,100%,maintain,Number of financial governance audits included in the approved annual audit plan.,Approved Annual Audit Plan,Approved Annual Audit Plan,Annually,IAD,82
kpa4-062,kpa4,so4_2,4.2.1,output,Number of ERM Committee Meetings conducted,"4.2.1.2 Strengthened Governance, Risk Management, and Internal Control System.",number,2,2,2,2,2,2,maintain,Number of Enterprise Risk Management (ERM) Committee Meetings conducted,Enterprise Risk Management (ERM) Committee Minutes; Enterprise Risk Registers; Enterprise Risk Management (ERM) report,Enterprise Risk Management (ERM) Committee Minutes,Semiannually,RCD,82
kpa4-063,kpa4,so4_2,4.2.1,output,% Percentage of Enterprise Risks Maintained within Approved Risk Tolerance Levels,"4.2.1.2 Strengthened Governance, Risk Management, and Internal Control System.",percent,100%,100%,100%,100%,100%,100%,maintain,Number of Risks that approved within Risk Tolerance in the risk register within the quarter divided by Total number of risks in the risk register times 100,Quarterly Enterprise Risk Management (ERM) Report; Enterprise Risk Registers,Quarterly Enterprise Risk Management (ERM) Report,Quarterly,RCD,82
kpa4-064,kpa4,so4_2,4.2.1,output,Reduction in number of officially reported integrity violations,4.2.1.3 Established Whistle blowing and Investigation Protocol,number,25,24,21,19,17,15,reduce,Number of reported integrity violations,"Allegation register/ integrity management system database, internal or annual integrity reports",Allegation register/ integrity management system database,Annually,INAD,83
kpa4-065,kpa4,so4_2,4.2.1,output,Average time (days) to investigate reported integrity violations,4.2.1.3 Established Whistle blowing and Investigation Protocol,number,90,87,84,80,77,75,reduce,Investigation completion date minus start date,Investigation Case Management System or allegation register records,Investigation Case Management System,Annually,INAD,83
kpa4-066,kpa4,so4_2,4.2.1,output,Percentage of timely implementation of internal investigation recommendations,4.2.1.4 Improved ethical conducts and internal investigations to safeguard integrity and ethical values,percent,90%,92%,95%,97%,99%,100%,grow,No. of investigation recommendations implemented timely over total number of investigation recommendations issued×100,Investigation recommendations implementation records or INAD case management system records,Investigation recommendations implementation records,Annually,INAD,83
kpa4-067,kpa4,so4_2,4.2.1,output,Percentage completion of planned internal investigations on ethical misconducts,4.2.1.4 Improved ethical conducts and internal investigations to safeguard integrity and ethical values,percent,90%,92%,95%,97%,99%,100%,grow,No. of investigations on misconduct completed over total number of investigations planned×100,Investigation reports or INAD case management system records,Investigation reports,Annually,INAD,83
kpa4-068,kpa4,so4_2,4.2.1,output,Percentage of timely completion of planned integrity compliance checks,4.2.1.5 Comprehensive Ethics and Integrity compliance Management Framework Implemented,percent,95%,100%,100%,100%,100%,100%,grow,Total number of integrity compliance checks conducted during the reporting period divide by Planned integrity compliance checks/ year X 100,Integrity compliance reports,Integrity compliance reports,Annually,INAD,83
kpa4-069,kpa4,so4_2,4.2.2,outcome,Prevalence rate of employees sanctioned for involvement in misconducts (Percentage),4.2.2 Reduced corruption incidents and strengthened integrity within the institution,percent,0.3%,0.3%,0.2%,0.2%,0.1%,0.1%,reduce,Number of employees sanctioned for misconducts over total number of employee's times 100,Disciplinary committee records or annual integrity report,Disciplinary committee records,Quarterly,INAD,83
kpa4-070,kpa4,so4_2,4.2.2,outcome,Percentage of reported misconduct cases resolved,4.2.2 Reduced corruption incidents and strengthened integrity within the institution,percent,100%,100%,100%,100%,100%,100%,maintain,Number of resolved misconduct cases over total number of misconduct cases received ×100,Allegation or integrity complaint register; Integrity management system data base,Allegation or integrity complaint register,Quarterly,INAD,83
kpa4-071,kpa4,so4_2,4.2.2,output,Number of integrity awareness sessions conducted,"4.2.2.1 Anti -corruption prevention, awareness and enforcement measures strengthened",number,88,88,92,97,103,110,grow,Total number of integrity or ethics awareness sessions conducted annually,Integrity/ ethics awareness reports,Integrity/ ethics awareness reports,Quarterly,INAD,83
kpa4-072,kpa4,so4_2,4.2.2,output,Corruption or Ethics risk assessment completion rate,"4.2.2.1 Anti -corruption prevention, awareness and enforcement measures strengthened",percent,100%,100%,100%,100%,100%,100%,maintain,Number of planned corruption/ethics risk assessment completed over total number of planned corruption/ethics risk assessment ×100,Corruption or Ethics Risk Assessment Report,Corruption or Ethics Risk Assessment Report,Quarterly,INAD,83
kpa4-073,kpa4,so4_3,4.3.1,outcome,Reduced number of new cases of HIV/AIDS and major Non-Communicable Diseases among employees.,4.3.1 Reduced prevalence of HIV/AIDS and NCDs among employees and improved access to support services,number,50,50,40,30,25,20,reduce,Total count of newly reported HIV/AID and NCDs,HIV/AIDS and NCD report,HIV/AIDS and NCD report,Annually,HRMAD,84
kpa4-074,kpa4,so4_3,4.3.1,output,Percentage of workplace awareness campaigns conducted annually as per plan,4.3.1.1 Strengthened workplace awareness and prevention programs,percent,80%,85%,90%,95%,100%,100%,grow,Number of awareness campaigns conducted/Number of awareness campaigns planned X 100,HIV/AIDS and NCD report,HIV/AIDS and NCD report,Annually,HRMAD,84
kpa4-075,kpa4,so4_3,4.3.1,output,Percentage of employees participated in HIV/AIDS and NCDs awareness programs.,4.3.1.1 Strengthened workplace awareness and prevention programs,percent,60%,70%,75%,80%,85%,90%,grow,Number of employees participated in awareness programs/Target X 100,HIV/AIDS and NCD report,HIV/AIDS and NCD report,Annually,HRMAD,84
kpa4-076,kpa4,so4_3,4.3.1,output,Number of partnerships established with health institutions for HIV/AIDS and NCDs services.,4.3.1.1 Strengthened workplace awareness and prevention programs,number,0,1,1,1,1,1,grow,Total count of partnerships established,HIV/AIDS and NCD report,HIV/AIDS and NCD report,Annually,HRMAD,84
kpa4-077,kpa4,so4_3,4.3.1,output,Number of voluntary counselling and testing (VCT) services conducted annually,"4.3.1.2 Improved employee wellness, screening and support services",number,2,3,4,4,4,4,grow,Count of Number of VCT services conducted,HIV/AIDS and NCD report,HIV/AIDS and NCD report,Annually,HRMAD,84
kpa4-078,kpa4,so4_3,4.3.1,output,Percentage of employees accessing counselling and wellness services.,"4.3.1.2 Improved employee wellness, screening and support services",percent,40%,42%,45%,50%,55%,60%,grow,Number of employees who accessed counselling and wellness services/Total no. of employees X 100,HIV/AIDS and NCD report,HIV/AIDS and NCD report,Annually,HRMAD,84
kpa4-079,kpa4,so4_3,4.3.1,output,Percentage of employees screened for HIV/AIDS and NCDs annually based on plan,"4.3.1.2 Improved employee wellness, screening and support services",percent,0%,80%,85%,90%,95%,95%,grow,Number of employees screened/Target X 101,HIV/AIDS and NCD report,HIV/AIDS and NCD report,Annually,HRMAD,84
kpa4-080,kpa4,so4_3,4.3.1,output,Percentage of employees living with HIV on care and treatment programmes.,"4.3.1.2 Improved employee wellness, screening and support services",percent,100%,100%,100%,100%,100%,100%,maintain,Number of employees screened /Target X 101,HIV/AIDS and NCD report,HIV/AIDS and NCD report,Annually,HRMAD,84
kpa4-081,kpa4,so4_3,4.3.1,output,Percentage of completion of improved HIV/AIDs and NCDs policies/guidelines.,4.3.1.3 Improved workplace policy and coordination for HIV/AIDS and NCD management,percent,0%,65%,100%,100%,100%,100%,grow,Completion rate of the policy,Approved HIV/AIDS and NCD policy and guidelines signed off by relevant authority.,Approved HIV/AIDS and NCD policy and guidelines,Annually,HRMAD,84
kpa4-082,kpa4,so4_3,4.3.1,output,Percentage of HIV/AIDs and NDCs focal persons trained on HIV/AIDS and NCDs management.,4.3.1.3 Improved workplace policy and coordination for HIV/AIDS and NCD management,percent,40%,90%,93%,95%,97%,98%,grow,Number of employee's focal persons trained/Target X 100,HIV/AIDS and NCD report,HIV/AIDS and NCD report,Annually,HRMAD,84
kpa4-083,kpa4,so4_3,4.3.1,output,Number of anti-stigma campaigns conducted Annually,4.3.1.4 Reduced HIV-related stigma and discrimination in the workplace,number,0,4,4,4,4,4,grow,Physical Count Number of anti-stigma campaigns conducted Annually,Total count of campaigns conducted,Total count of campaigns conducted,Annually,HRMAD,84
kpa5-001,kpa5,so5_0,5.1,outcome,Average Procurement Process Time,5.1 Improved Effectiveness and Efficiency of Procurement Processes,number,180,175,169,162,155,150,reduce,Total procurement processing Days /Total number of procurement cases,"Procurement system reports, or contract award notices",Procurement system reports,Quarterly,PMD,84
kpa5-002,kpa5,so5_0,5.1,outcome,Procurement Process Compliance Rate,5.1 Improved Effectiveness and Efficiency of Procurement Processes,percent,80%,82%,85%,87%,89%,90%,grow,[(Total Number of Compliant transactions)/Total Number of audited transactions] X 100,Audit Reports,Audit Reports,Quarterly,PMD,85
kpa5-003,kpa5,so5_0,5.1,outcome,Strategic Initiative Procurement On-Time Delivery Rate,5.1 Improved Effectiveness and Efficiency of Procurement Processes,percent,70%,71%,72%,73%,74%,75%,grow,[(Total number of strategic initiative contracts completed within Time)/Total Number of strategic initiatives contracts] x 100,Quarterly Procurement Contract Performance Report (s),Quarterly Procurement Contract Performance Report (s),Quarterly,PMD,85
kpa5-004,kpa5,so5_0,5.1.1,output,Percentage of Procurement Plan Implementation Rate,5.1.1 Digitized Procurement Lifecycle Implementation,percent,80%,83%,85%,87%,89%,90%,grow,(Number of Implemented Procurement cases/Total Number of planned procurement cases) x 100,Procurement Plan Performance Report (s),Procurement Plan Performance Report (s),Quarterly,PMD,85
kpa5-005,kpa5,so5_0,5.1.1,output,Percentage of automated procurement process.,5.1.1 Digitized Procurement Lifecycle Implementation,percent,75%,80%,85%,90%,95%,100%,grow,(Number of automated Procurement Process/Total Number of Procurement Processes) x 100,Availability of Digital Plat Form/System,Availability of Digital Plat Form/System,Quarterly,PMD,85
kpa5-006,kpa5,so5_0,5.1.2,output,Percentage of framework contracts for critical and repeatedly established requirements/demand,5.1.2 Improved use of Framework Contracts (FWC) for critical and repeatedly requirements,percent,82%,82%,85%,90%,92%,95%,grow,(Number of existing FWC / Total established demand of FWC) x 100,Approved Procurement Plan and • FWC Register or system tracking reports,Approved Procurement Plan,Annually,PMD,85
kpa5-007,kpa5,so5_0,5.1.3,output,Procurement awareness Participation Rate.,"5.1.3 Enhanced Procurement Policy, laws and Procedures knowledge",percent,75%,80%,86%,89%,92%,95%,grow,(Number of staff attended training/awareness) /Total Number of staffs planned to attend training,Training attendance Report/Certificates,Training attendance Report,Annually,PMD,85
kpa5-008,kpa5,so5_0,5.1.4,output,Percentage of Critical Vendors with Performance Reviews,5.1.4 Optimized Vendor Relationship and Performance Management System.,percent,80%,82%,85%,87%,91%,95%,grow,(Number of Vendor Performance reviewed /Total Number of Critical Vendors) x 100,Vendor Performance Appraisal Form/Report,Vendor Performance Appraisal Form/Report,Annually,PMD,85
kpa5-009,kpa5,so5_0,5.2,outcome,Revenue Reconciliation Accuracy Rate,5.2 Enhanced Financial Operations Management,percent,85%,90%,92%,94%,96%,98%,grow,(Number of accurate reconciliations ÷ Total number of reconciliations) ×100%,"Reconciliation reports, Internal audit reports",Reconciliation reports,Quarterly,FND,85
kpa5-010,kpa5,so5_0,5.2,outcome,Average Refund Processing Time (Days),5.2 Enhanced Financial Operations Management,number,3,3,3,3,3,3,maintain,The average number of business days taken from the submission of a complete and valid refund request to the final disbursement of funds to the taxpayer.,QMS performance report FND-802-C,QMS performance report FND-802-C,Quarterly,FND,86
kpa5-011,kpa5,so5_0,5.2,outcome,Public Financial Management Compliance Score,5.2 Enhanced Financial Operations Management,percent,80%,82%,84%,86%,88%,90%,grow,"A composite score reflecting the level of adherence to national, regulations, and financial reporting standards, based on periodic assessments",NBAA (National Board of Accountants & Auditors Tanzania),NBAA (National Board of Accountants & Auditors Tanzania),Annually,FND,86
kpa5-012,kpa5,so5_0,5.2.1,output,Monthly Reconciliation Completion Time (Days),5.2.1 Streamlined Revenue Accounting and Reconciliation Processes,number,15,14,10,8,6,5,reduce,Average number of business days taken to complete all monthly revenue and ledger reconciliations from month-end,"Reconciliation logs, finance reports",Reconciliation logs,Quarterly,FND,86
kpa5-013,kpa5,so5_0,5.2.1,output,Automation Rate of Key Reconciliation Tasks,5.2.1 Streamlined Revenue Accounting and Reconciliation Processes,percent,20%,35%,50%,65%,75%,85%,grow,Automated processes ÷ Total processes) ×100,"System reports, IT automation reports",System reports,Quarterly,FND,86
kpa5-014,kpa5,so5_0,5.2.2,output,Cash Flow Forecasting Accuracy,5.2.2 Optimized Cash Flow and Treasury Management System,percent,5%,±5%,±5%,±5%,±5%,±5%,maintain,"Average percentage variance between projected and actual cash flow for a specific period. (e.g., monthly, quarterly).",Approved Budget System Report (EPICOR),Approved Budget System Report (EPICOR),Quarterly,RPD,86
kpa5-015,kpa5,so5_0,5.3,outcome,CP–APP–Budget alignment score,5.3 Improved Strategic Alignment between plans and Budget,percent,0%,100%,100%,100%,100%,100%,grow,Percentage of Outputs linked to CP and budgeted over Total APP Outputs,Corporate plan Approved budget Annual Action Plan,Corporate plan,Annually,RPD,86
kpa5-016,kpa5,so5_0,5.3.1,output,Percentage Annual Plans aligned to CP 7,5.3.1 Medium term and annual budgeting coordination mechanism operational,percent,100%,100%,100%,100%,100%,100%,maintain,Percentage of Annual Plan aligned with CP7 over Total APP's reviewed,Corporate plan Approved budget,Corporate plan,Annually,RPD,86
kpa5-017,kpa5,so5_0,5.3.2,output,Number of Framework approved,5.3.2 Corporate and departmental strategic planning framework institutionalised,number,2,1,1,1,1,2,maintain,Number of Frameworks approved and in use,Board and Management minutes,Board and Management minutes,Quarterly,RPD,86
kpa5-018,kpa5,so5_0,5.4,outcome,Timeliness of performance reports,5.4 Improved performance management and accountability across responsibility centres,percent,90%,94%,96%,98%,100%,100%,grow,Percentage Total number of reports expected over Number of reports submitted on time,Performance reports,Performance reports,Quarterly,RPD,86
kpa5-019,kpa5,so5_0,5.4.1,output,Reports produced as scheduled,"5.4.1 Monitoring, Evaluation, Accountability and Learning (MEAL) framework operational",percent,100%,100%,100%,100%,100%,100%,maintain,Percentage Number of reports produced according to schedule over Total Number of reports planned,Performance reports,Performance reports,Annually,RPD,86
kpa5-020,kpa5,so5_0,5.5,outcome,Percentage of strategic projects delivered on schedule,5.5 Improved delivery performance of strategic projects and programmes,percent,85%,91%,92%,93%,94%,95%,grow,% Projects completed on schedule over strategic projects completed,Project initiation Document Project Management records Project Approval meeting munities Projects implementation reports,Project initiation Document,Quarterly,RPD,86
kpa5-021,kpa5,so5_0,5.5.1,output,Projects with approved charters (Percentage),5.5.1 Strategic project and programme management framework institutionalised,percent,19%,30%,100%,100%,100%,100%,grow,Percentage of projects with approved charters over total number of Projects initiated,Project initiation Documents Project Management records Project Approval meeting minutes Projects implementation reports,Project initiation Documents,Quarterly,RPD,87
kpa5-022,kpa5,so5_0,5.6,outcome,Evidence-Backed Mandates,"5.6 Enhanced use of evidence, research and innovation (ERI) in policy and operational decisions",percent,0%,≥70%,≥75%,≥80%,≥85%,≥85%,grow,Total number of New regulations or strategies developed as a direct result of a specific research finding or innovation pilot,"Research reports, Innovation reports",Research reports,Annually,RPD,87
kpa5-023,kpa5,so5_0,5.6.1,output,Research outputs produced,5.6.1 Institutional research and innovation framework operational,number,4,5,5,5,5,5,grow,Total number of completed research outputs during the reporting period,Published research reports Published Research studies report abstracts on Intranet portal,Published research reports,Quarterly,RPD,87
kpa5-024,kpa5,so5_0,5.6.2,output,Policy briefs issued,5.6.2 Fiscal policy advisory and analytical briefing's function strengthened,number,1,2,2,2,2,2,grow,Total number of policy briefs finalized and disseminated during the reporting period,Published policy briefs report,Published policy briefs report,Quarterly,RPD,87
kpa5-025,kpa5,so5_0,5.6.3,output,Number of research proposals developed,5.6.3 Strengthened research engagement,number,3,6,8,10,12,14,grow,Number of research proposals developed for funding against planned number times 100 (4 for internal and 2 for external funding),"1. Proposal development reports 2. Internal approval minutes (e.g., research technical committee) 3. Copies of submitted proposals (hardcopy or electronic) 4. Internal communication (e.g., acceptance letters)",Proposal development reports,Quarterly,ITA,87
kpa5-026,kpa5,so5_0,5.6.3,output,Number of funded research proposals,5.6.3 Strengthened research engagement,number,2,4,6,8,10,12,grow,Number of research proposals funded against planned number times 100 (3 internal funding and 1 external donor funding),"Research fund guidelines 2. Signed grant agreements/ funding contracts, and financial records showing receipt of research fund",Research fund guidelines,Quarterly,ITA,87
kpa5-027,kpa5,so5_0,5.6.3,output,Number of researches completed timely,5.6.3 Strengthened research engagement,number,2,3,5,6,8,10,grow,Number of researches completed on time against total number of research projects due for completion times 100,Research tracking database/project management system 2. Approved research project plans with timelines 3. Project progress and closure reports 4. Final research reports or publications,Research tracking database/project management system,Quarterly,ITA,88
kpa5-028,kpa5,so5_0,5.6.3,output,Percentage of academic staff participating in research,5.6.3 Strengthened research engagement,percent,20%,20%,22%,24%,26%,30%,grow,Number of academic staffs participating in Research (excluding Tutorial Assistants) against Total number of academic staffs,1. Research participation records (databases) 2. Departmental research activity reports 3. Institutional publication records or repository,Research participation records,Quarterly,ITA,88
kpa5-029,kpa5,so5_0,5.6.4,output,Number of policy briefs produced,5.6.4 Research Dissemination of Research findings effectively,number,2,2,2,2,2,2,maintain,Number of policy briefs disseminated,"1. Institutional publication records or repository 2. Copies of submitted or published policy briefs 3. Dissemination records (e.g., circulation lists, workshops, website uploads)",Institutional publication records,Annually,ITA,88
kpa5-030,kpa5,so5_0,5.6.4,output,Number of international conferences conducted,5.6.4 Research Dissemination of Research findings effectively,number,1,1,1,1,1,1,maintain,Number of International Conferences Conducted,"1. Conference reports and proceedings 2. Participant registration records (showing international participation) 3. Invitations and correspondence with international speakers/ partners 4. Photos, publications, or media coverage of the event 5. Number of papers from ITA academic staff/ student",Conference reports and proceedings,Quarterly,ITA,88
kpa5-031,kpa5,so5_0,5.6.4,output,Number of national conferences and workshops conducted,5.6.4 Research Dissemination of Research findings effectively,number,2,2,2,2,2,2,maintain,Number of Conference and workshops conducted as planned,1. Published AJCFS journal issues (print or electronic copies) 2. Institutional publication records or repository 3. Internal and external reviewers' reports 4. Editorial board meeting minutes and publication approvals 5.,Published AJCFS journal issues,Quarterly,ITA,88
kpa5-032,kpa5,so5_0,5.6.4,output,African Journal of Customs and Fiscal Studies (AJCFS) issues are released annually,5.6.4 Research Dissemination of Research findings effectively,number,1,2,2,2,2,2,grow,Number of AJCFS journal issues published,Published AJCFS journal issues (print or electronic copies) 2. Institutional publication records or repository 3. Internal and external reviewers report 4. Editorial board meeting minutes and publication approvals 5. journal citation index or impact factor,Published AJCFS journal issues,Annually,ITA,89
kpa5-033,kpa5,so5_0,5.6.5,output,"Number of papers published in reputable journals/databases, e.g. SCOPUS, Emerald",5.6.5 High quality publications in reputable journals increased,number,4,6,10,12,14,16,grow,Number of high-impact journals,"1. Copies of published papers (PDF or journal links) 2. Indexing confirmation (e.g., proof that the journal is indexed in SCOPUS/ Emerald) 3. Acceptance letters from journals",Copies of published papers,Annually,ITA,89
kpa5-034,kpa5,so5_0,5.6.6,output,Number of Expressions of Interest (EOI) submitted,5.6.6 Consultancies in strategic priority areas of the Public Service Undertaken,number,2,4,6,8,10,12,grow,Number of EOI submitted against planned,Copies of submitted EOIs (hardcopy or electronic) 2. Confirmation emails/ acknowledgements from the recipient (donor/client) 3. EOI registers/database 4. courier or electronic submission receipts,Copies of submitted EOIs,Quarterly,ITA,89
kpa5-035,kpa5,so5_0,5.6.6,output,Number of Request for Proposal (RFP) submitted,5.6.6 Consultancies in strategic priority areas of the Public Service Undertaken,number,2,2,4,6,8,10,grow,Number of RFP submitted,1. Copies of submitted RFP (hardcopy or electronic) 2. Confirmation emails/ acknowledgements from the recipient (donor/client) 3. RFP registers/database 4. courier or electronic submission receipts,Copies of submitted RFP,Quarterly,ITA,89
kpa5-036,kpa5,so5_0,5.6.6,output,No. of external consultancies undertaken,5.6.6 Consultancies in strategic priority areas of the Public Service Undertaken,number,1,1,2,3,4,5,grow,Number of consultancies completed within contract period,"1. Signed consultancy contracts or agreements 2. Consultancy reports (inception, progress, and final reports) 3. Client acceptance or completion certificates 4. Payment records /invoices for consultancy services 5. Project completion or closure reports 6. Institutional consultancy database or records",Signed consultancy contracts or agreements,Quarterly,ITA,89
kpa5-037,kpa5,so5_0,5.6.6,output,Percentage of ITA staff engaged in TRA technical projects (internal consulting),5.6.6 Consultancies in strategic priority areas of the Public Service Undertaken,percent,30%,33%,36%,40%,44%,48%,grow,Number of ITA staff engaged in TRA Technical Projects against total number of staff times 100,"1. Release letters 2. Correspondence (emails, memos)",Release letters,Quarterly,ITA,89
kpa5-038,kpa5,so5_0,5.7,outcome,Percentage of AEOs consignments subjected to physical Inspection,5.7 Strengthened AEO Program,percent,15%,14%,13%,12%,11%,10%,reduce,Number of AEOs consignments subjected to physical Inspection over total AEOs consignments times 100,TANCIS clearance module report,TANCIS clearance module report,Quarterly,CED,90
kpa5-039,kpa5,so5_0,5.7.1,output,Percentage of successful hit rate compared to number of patrols done,5.7.1 Strengthened Enforcement and ant-smuggling operations,percent,65%,70%,75%,80%,85%,90%,grow,(Number of successful interceptions/seizures ÷ Total number of patrols conducted) × 100,"Patrol reports, seizure records,",Patrol reports,Quarterly And Annual,CED,90
kpa5-040,kpa5,so5_0,5.7.1,output,Enhanced patrols boats surveillance,5.7.1 Strengthened Enforcement and ant-smuggling operations,percent,80%,81%,82%,83%,84%,85%,grow,(Number of patrol boat operations conducted ÷ Planned patrol boat operations) × 100,"Patrol boat logbooks, operation reports",Patrol boat logbooks,Quarterly And Annual,CED,90
kpa5-041,kpa5,so5_0,5.7.1,output,Enhanced Border Surveillance Activities,5.7.1 Strengthened Enforcement and ant-smuggling operations,percent,80%,81%,82%,83%,84%,85%,grow,(Number of border surveillance activities conducted ÷ Planned surveillance activities) × 100,"Border surveillance reports, field operation reports,",Border surveillance reports,Quarterly and Annual,CED,90
kpa5-042,kpa5,so5_0,5.7.2,output,Percentage of customs system and operational challenges resolved within agreed timelines,5.7.2 Enhanced Customs Business Support,percent,80%,100%,100%,100%,100%,100%,grow,(Number of challenges resolved within SLA/agreed timeline ÷ Total challenges reported) × 100,"Incident management system reports, (Helpdesk logs) service desk reports, resolution records",Incident management system reports,Quarterly,CED,90
kpa5-043,kpa5,so5_0,5.7.2,output,Percentage of customs business processes reviewed and improved,5.7.2 Enhanced Customs Business Support,percent,90%,100%,100%,100%,100%,100%,grow,(Number of business processes reviewed and improved ÷ Total planned business processes for review) × 100,"Business process review reports, meeting minutes",Business process review reports,Semi-Annual,CED,90
